date,dxy
2015-01-02,91.0800018310547
2015-01-04,
2015-01-05,91.379997253418
2015-01-06,91.5
2015-01-07,91.8899993896484
2015-01-08,92.370002746582
2015-01-09,91.9400024414062
2015-01-11,
2015-01-12,91.9800033569336
2015-01-13,92.3099975585938
2015-01-14,92.1600036621094
2015-01-15,92.3499984741211
2015-01-16,92.5199966430664
2015-01-18,
2015-01-20,93.0500030517578
2015-01-21,92.9000015258789
2015-01-22,94.2399978637695
2015-01-23,95
2015-01-25,
2015-01-26,94.8000030517578
2015-01-27,94.0199966430664
2015-01-28,94.4700012207031
2015-01-29,94.7799987792969
2015-01-30,94.8000030517578
2015-02-01,
2015-02-02,94.5
2015-02-03,93.5999984741211
2015-02-04,93.9899978637695
2015-02-05,94.6999969482422
2015-02-06,94.6999969482422
2015-02-08,
2015-02-09,94.4499969482422
2015-02-10,94.7600021362305
2015-02-11,94.9899978637695
2015-02-12,94.0899963378906
2015-02-13,94.1999969482422
2015-02-15,
2015-02-17,94.0599975585937
2015-02-18,94.1999969482422
2015-02-19,94.4000015258789
2015-02-20,94.25
2015-02-22,
2015-02-23,94.5699996948242
2015-02-24,94.4899978637695
2015-02-25,94.2099990844727
2015-02-26,95.2900009155274
2015-02-27,95.25
2015-03-01,
2015-03-02,95.4599990844727
2015-03-03,95.379997253418
2015-03-04,95.9700012207031
2015-03-05,96.379997253418
2015-03-06,97.620002746582
2015-03-08,
2015-03-09,97.5899963378906
2015-03-10,98.620002746582
2015-03-11,99.8000030517578
2015-03-12,99.1500015258789
2015-03-13,100.330001831055
2015-03-15,
2015-03-16,99.5999984741211
2015-03-17,99.5899963378906
2015-03-18,98.5500030517578
2015-03-19,99.0999984741211
2015-03-20,97.9100036621094
2015-03-22,
2015-03-23,97.0299987792969
2015-03-24,97.1900024414063
2015-03-25,96.9800033569336
2015-03-26,97.4400024414063
2015-03-27,97.2900009155273
2015-03-29,
2015-03-30,97.9800033569336
2015-03-31,98.3600006103516
2015-04-01,98.1900024414062
2015-04-02,97.4400024414063
2015-04-05,
2015-04-06,97.1100006103516
2015-04-07,97.8300018310547
2015-04-08,98.0699996948242
2015-04-09,99.1600036621094
2015-04-10,99.3899993896484
2015-04-12,
2015-04-13,99.4899978637695
2015-04-14,98.7600021362305
2015-04-15,98.3300018310547
2015-04-16,97.4199981689453
2015-04-17,97.5199966430664
2015-04-19,
2015-04-20,97.9400024414063
2015-04-21,97.9800033569336
2015-04-22,98.0199966430664
2015-04-23,97.2799987792969
2015-04-24,96.9199981689453
2015-04-26,
2015-04-27,96.7699966430664
2015-04-28,96.0899963378906
2015-04-29,95.120002746582
2015-04-30,94.5999984741211
2015-05-01,95.3000030517578
2015-05-03,
2015-05-04,95.4800033569336
2015-05-05,95.129997253418
2015-05-06,94.129997253418
2015-05-07,94.620002746582
2015-05-08,94.7900009155273
2015-05-10,
2015-05-11,95.0100021362305
2015-05-12,94.5299987792969
2015-05-13,93.620002746582
2015-05-14,93.3600006103516
2015-05-15,93.1399993896484
2015-05-17,
2015-05-18,94.1900024414062
2015-05-19,95.2699966430664
2015-05-20,95.4499969482422
2015-05-21,95.2600021362305
2015-05-22,96.0100021362305
2015-05-24,
2015-05-26,97.3000030517578
2015-05-27,97.370002746582
2015-05-28,96.9700012207031
2015-05-29,96.9100036621094
2015-05-31,
2015-06-01,97.3899993896485
2015-06-02,95.8399963378906
2015-06-03,95.4700012207031
2015-06-04,95.4599990844727
2015-06-05,96.3099975585938
2015-06-07,
2015-06-08,95.3000030517578
2015-06-09,95.1699981689453
2015-06-10,94.6500015258789
2015-06-11,94.9800033569336
2015-06-12,94.9700012207031
2015-06-14,
2015-06-15,94.8099975585938
2015-06-16,95
2015-06-17,94.3000030517578
2015-06-18,94.0400009155274
2015-06-19,94.0899963378906
2015-06-21,
2015-06-22,94.3300018310547
2015-06-23,95.4300003051758
2015-06-24,95.2600021362305
2015-06-25,95.1900024414063
2015-06-26,95.4700012207031
2015-06-28,
2015-06-29,94.7900009155273
2015-06-30,95.4899978637695
2015-07-01,96.3099975585938
2015-07-02,96.1100006103516
2015-07-05,
2015-07-06,96.3000030517578
2015-07-07,96.870002746582
2015-07-08,96.2900009155273
2015-07-09,96.6100006103516
2015-07-10,96.0299987792969
2015-07-12,
2015-07-13,96.8600006103516
2015-07-14,96.6399993896484
2015-07-15,97.129997253418
2015-07-16,97.6600036621094
2015-07-17,97.8600006103516
2015-07-19,
2015-07-20,98.0299987792969
2015-07-21,97.3300018310547
2015-07-22,97.5999984741211
2015-07-23,97.120002746582
2015-07-24,97.2399978637695
2015-07-26,
2015-07-27,96.5
2015-07-28,96.7699966430664
2015-07-29,96.9800033569336
2015-07-30,97.5599975585938
2015-07-31,97.370002746582
2015-08-02,
2015-08-03,97.4899978637695
2015-08-04,97.9300003051758
2015-08-05,97.9599990844727
2015-08-06,97.8300018310547
2015-08-07,97.5599975585938
2015-08-09,
2015-08-10,97.1600036621094
2015-08-11,97.2900009155273
2015-08-12,96.2600021362305
2015-08-13,96.4499969482422
2015-08-14,96.5699996948242
2015-08-16,
2015-08-17,96.8199996948242
2015-08-18,96.9700012207031
2015-08-19,96.4599990844727
2015-08-20,95.75
2015-08-21,94.8300018310547
2015-08-23,
2015-08-24,93.3099975585938
2015-08-25,94.5299987792969
2015-08-26,95.0999984741211
2015-08-27,95.6100006103516
2015-08-28,96.1100006103516
2015-08-30,
2015-08-31,95.9499969482422
2015-09-01,95.4499969482422
2015-09-02,95.8300018310547
2015-09-03,96.4100036621094
2015-09-04,96.2300033569336
2015-09-06,
2015-09-08,95.879997253418
2015-09-09,96.0100021362305
2015-09-10,95.4599990844727
2015-09-11,95.1900024414063
2015-09-13,
2015-09-14,95.25
2015-09-15,95.6100006103516
2015-09-16,95.4199981689453
2015-09-17,94.5500030517578
2015-09-18,94.8600006103516
2015-09-20,
2015-09-21,95.8899993896484
2015-09-22,96.2799987792969
2015-09-23,96.0699996948242
2015-09-24,95.9899978637695
2015-09-25,96.2699966430664
2015-09-27,
2015-09-28,96.0299987792969
2015-09-29,95.8899993896484
2015-09-30,96.3499984741211
2015-10-01,96.1900024414063
2015-10-02,95.8300018310547
2015-10-04,
2015-10-05,96.1100006103516
2015-10-06,95.4599990844727
2015-10-07,95.5
2015-10-08,95.3199996948242
2015-10-09,94.8099975585938
2015-10-11,
2015-10-12,94.8399963378906
2015-10-13,94.7600021362305
2015-10-14,93.9300003051758
2015-10-15,94.370002746582
2015-10-16,94.5400009155273
2015-10-18,
2015-10-19,94.9599990844727
2015-10-20,94.8499984741211
2015-10-21,95.0500030517578
2015-10-22,96.3399963378906
2015-10-23,97.0699996948242
2015-10-25,
2015-10-26,96.8600006103516
2015-10-27,96.9100036621094
2015-10-28,97.7799987792969
2015-10-29,97.2799987792969
2015-10-30,96.9499969482422
2015-11-01,
2015-11-02,96.9300003051758
2015-11-03,97.1600036621094
2015-11-04,97.9499969482422
2015-11-05,97.9400024414063
2015-11-06,99.1600036621094
2015-11-08,
2015-11-09,98.9800033569336
2015-11-10,99.2900009155274
2015-11-11,99.0100021362305
2015-11-12,98.6500015258789
2015-11-13,98.9899978637695
2015-11-15,
2015-11-16,99.4400024414062
2015-11-17,99.629997253418
2015-11-18,99.6500015258789
2015-11-19,98.9899978637695
2015-11-20,99.5699996948242
2015-11-22,
2015-11-23,99.8000030517578
2015-11-24,99.5299987792969
2015-11-25,99.8000030517578
2015-11-27,100.019996643066
2015-11-29,
2015-11-30,100.169998168945
2015-12-01,99.8000030517578
2015-12-02,99.9899978637695
2015-12-03,97.620002746582
2015-12-04,98.3499984741211
2015-12-06,
2015-12-07,98.6600036621094
2015-12-08,98.4700012207031
2015-12-09,97.3499984741211
2015-12-10,97.9400024414063
2015-12-11,97.5699996948242
2015-12-13,
2015-12-14,97.5999984741211
2015-12-15,98.2200012207031
2015-12-16,97.870002746582
2015-12-17,99.2699966430664
2015-12-18,98.6999969482422
2015-12-20,
2015-12-21,98.4599990844727
2015-12-22,98.2399978637695
2015-12-23,98.3399963378906
2015-12-24,97.9800033569336
2015-12-27,
2015-12-28,97.9199981689453
2015-12-29,98.0999984741211
2015-12-30,98.2699966430664
2015-12-31,98.629997253418
2016-01-03,
2016-01-04,98.870002746582
2016-01-05,99.4000015258789
2016-01-06,99.1800003051758
2016-01-07,98.2200012207031
2016-01-08,98.5400009155273
2016-01-10,
2016-01-11,98.7300033569336
2016-01-12,98.9700012207031
2016-01-13,98.9300003051758
2016-01-14,99.0899963378906
2016-01-15,98.9599990844727
2016-01-17,
2016-01-18,99.120002746582
2016-01-19,98.9899978637695
2016-01-20,99.0899963378906
2016-01-21,99.0599975585938
2016-01-22,99.5699996948242
2016-01-24,
2016-01-25,99.3600006103516
2016-01-26,99.3600006103516
2016-01-27,98.9000015258789
2016-01-28,98.5100021362305
2016-01-29,99.6100006103516
2016-01-31,
2016-02-01,99
2016-02-02,98.870002746582
2016-02-03,97.2900009155273
2016-02-04,96.4700012207031
2016-02-05,97.0299987792969
2016-02-07,
2016-02-08,96.5699996948242
2016-02-09,96.0699996948242
2016-02-10,95.8899993896484
2016-02-11,95.5599975585938
2016-02-12,95.9800033569336
2016-02-14,
2016-02-15,
2016-02-16,96.870002746582
2016-02-17,96.7900009155274
2016-02-18,96.9499969482422
2016-02-19,96.5999984741211
2016-02-21,
2016-02-22,97.379997253418
2016-02-23,97.4800033569336
2016-02-24,97.4599990844727
2016-02-25,97.2900009155273
2016-02-26,98.1500015258789
2016-02-28,
2016-02-29,98.2099990844727
2016-03-01,98.3499984741211
2016-03-02,98.2099990844727
2016-03-03,97.5699996948242
2016-03-04,97.3399963378906
2016-03-06,
2016-03-07,97.0699996948242
2016-03-08,97.2099990844727
2016-03-09,97.1699981689453
2016-03-10,96.0699996948242
2016-03-11,96.1699981689453
2016-03-13,
2016-03-14,96.620002746582
2016-03-15,96.629997253418
2016-03-16,95.8899993896484
2016-03-17,94.7600021362305
2016-03-18,94.9899978637695
2016-03-20,
2016-03-21,95.2900009155274
2016-03-22,95.6500015258789
2016-03-23,96.0500030517578
2016-03-24,96.1399993896485
2016-03-27,
2016-03-28,95.9400024414063
2016-03-29,95.1600036621094
2016-03-30,94.8399963378906
2016-03-31,94.5899963378906
2016-04-01,94.620002746582
2016-04-03,
2016-04-04,94.5100021362305
2016-04-05,94.629997253418
2016-04-06,94.4300003051758
2016-04-07,94.4800033569336
2016-04-08,94.2399978637695
2016-04-10,
2016-04-11,93.9499969482422
2016-04-12,93.9599990844727
2016-04-13,94.7399978637695
2016-04-14,94.9000015258789
2016-04-15,94.6999969482422
2016-04-17,
2016-04-18,94.4899978637695
2016-04-19,93.9800033569336
2016-04-20,94.4899978637695
2016-04-21,94.5999984741211
2016-04-22,95.120002746582
2016-04-24,
2016-04-25,94.8399963378906
2016-04-26,94.5699996948242
2016-04-27,94.3899993896484
2016-04-28,93.7600021362305
2016-04-29,93.0800018310547
2016-05-01,
2016-05-02,92.629997253418
2016-05-03,92.9400024414062
2016-05-04,93.1800003051758
2016-05-05,93.7799987792969
2016-05-06,93.8899993896484
2016-05-08,
2016-05-09,94.1500015258789
2016-05-10,94.2900009155274
2016-05-11,93.8199996948242
2016-05-12,94.1399993896484
2016-05-13,94.6100006103516
2016-05-15,
2016-05-16,94.5699996948242
2016-05-17,94.5500030517578
2016-05-18,95.0800018310547
2016-05-19,95.2900009155274
2016-05-20,95.3099975585937
2016-05-22,
2016-05-23,95.2300033569336
2016-05-24,95.5699996948242
2016-05-25,95.3499984741211
2016-05-26,95.1699981689453
2016-05-27,95.5199966430664
2016-05-29,
2016-05-31,95.8899993896484
2016-06-01,95.4599990844727
2016-06-02,95.5599975585938
2016-06-03,94.0299987792969
2016-06-05,
2016-06-06,93.9000015258789
2016-06-07,93.8300018310547
2016-06-08,93.5899963378906
2016-06-09,94.0999984741211
2016-06-10,94.5999984741211
2016-06-12,
2016-06-13,94.370002746582
2016-06-14,94.9300003051758
2016-06-15,94.6100006103516
2016-06-16,94.5699996948242
2016-06-17,94.2099990844727
2016-06-19,
2016-06-20,93.6100006103516
2016-06-21,94.0199966430664
2016-06-22,93.7200012207031
2016-06-23,93.5299987792969
2016-06-24,95.4499969482422
2016-06-26,
2016-06-27,96.5400009155274
2016-06-28,96.25
2016-06-29,95.7699966430664
2016-06-30,96.1399993896485
2016-07-01,95.6500015258789
2016-07-03,
2016-07-05,96.1699981689453
2016-07-06,96.0599975585938
2016-07-07,96.3300018310547
2016-07-08,96.3000030517578
2016-07-10,
2016-07-11,96.5699996948242
2016-07-12,96.4400024414063
2016-07-13,96.2200012207031
2016-07-14,96.0800018310547
2016-07-15,96.5800018310547
2016-07-17,
2016-07-18,96.5599975585938
2016-07-19,97.0500030517578
2016-07-20,97.1999969482422
2016-07-21,97
2016-07-22,97.4700012207031
2016-07-24,
2016-07-25,97.2900009155273
2016-07-26,97.1600036621094
2016-07-27,97.0500030517578
2016-07-28,96.7399978637695
2016-07-29,95.5299987792969
2016-07-31,
2016-08-01,95.7099990844727
2016-08-02,95.0599975585938
2016-08-03,95.5599975585938
2016-08-04,95.7600021362305
2016-08-05,96.1900024414063
2016-08-07,
2016-08-08,96.4000015258789
2016-08-09,96.1800003051758
2016-08-10,95.6500015258789
2016-08-11,95.8600006103516
2016-08-12,95.7200012207031
2016-08-14,
2016-08-15,95.629997253418
2016-08-16,94.7900009155273
2016-08-17,94.7200012207031
2016-08-18,94.1600036621094
2016-08-19,94.5100021362305
2016-08-21,
2016-08-22,94.5199966430664
2016-08-23,94.5400009155273
2016-08-24,94.7900009155273
2016-08-25,94.7699966430664
2016-08-26,95.5699996948242
2016-08-28,
2016-08-29,95.5800018310547
2016-08-30,96.0500030517578
2016-08-31,96.0199966430664
2016-09-01,95.6500015258789
2016-09-02,95.879997253418
2016-09-04,
2016-09-06,94.8199996948242
2016-09-07,94.9599990844727
2016-09-08,95.0299987792969
2016-09-09,95.3399963378906
2016-09-11,
2016-09-12,95.0999984741211
2016-09-13,95.629997253418
2016-09-14,95.3300018310547
2016-09-15,95.2900009155274
2016-09-16,96.1100006103516
2016-09-18,
2016-09-19,95.8399963378906
2016-09-20,96.0199966430664
2016-09-21,95.6600036621094
2016-09-22,95.4499969482422
2016-09-23,95.4800033569336
2016-09-25,
2016-09-26,95.3099975585937
2016-09-27,95.4400024414062
2016-09-28,95.4300003051758
2016-09-29,95.5400009155274
2016-09-30,95.4599990844727
2016-10-02,
2016-10-03,95.75
2016-10-04,96.120002746582
2016-10-05,96.129997253418
2016-10-06,96.6600036621094
2016-10-07,96.5199966430664
2016-10-09,
2016-10-11,97.6999969482422
2016-10-12,97.9700012207031
2016-10-13,97.5199966430664
2016-10-14,98.0199966430664
2016-10-16,
2016-10-17,97.8899993896484
2016-10-18,97.9000015258789
2016-10-19,97.870002746582
2016-10-20,98.3199996948242
2016-10-21,98.6999969482422
2016-10-23,
2016-10-24,98.6699981689453
2016-10-25,98.7200012207031
2016-10-26,98.629997253418
2016-10-27,98.8899993896484
2016-10-28,98.3499984741211
2016-10-30,
2016-10-31,98.4499969482422
2016-11-01,97.6999969482422
2016-11-02,97.4000015258789
2016-11-03,97.1600036621094
2016-11-04,97.0699996948242
2016-11-06,
2016-11-07,97.7799987792969
2016-11-08,97.8600006103516
2016-11-09,98.5
2016-11-10,98.7900009155273
2016-11-13,
2016-11-14,100.110000610352
2016-11-15,100.190002441406
2016-11-16,100.410003662109
2016-11-17,100.889999389648
2016-11-18,101.209999084473
2016-11-20,
2016-11-21,101.050003051758
2016-11-22,101.040000915527
2016-11-23,101.699996948242
2016-11-25,101.48999786377
2016-11-27,
2016-11-28,101.330001831055
2016-11-29,100.930000305176
2016-11-30,101.5
2016-12-01,101.040000915527
2016-12-02,100.769996643066
2016-12-04,
2016-12-05,100.139999389648
2016-12-06,100.48999786377
2016-12-07,100.230003356934
2016-12-08,101.069999694824
2016-12-09,101.569999694824
2016-12-11,
2016-12-12,100.959999084473
2016-12-13,101.029998779297
2016-12-14,102
2016-12-15,103.129997253418
2016-12-16,102.949996948242
2016-12-18,
2016-12-19,103.139999389648
2016-12-20,103.290000915527
2016-12-21,103.019996643066
2016-12-22,103.089996337891
2016-12-23,103.01000213623
2016-12-25,
2016-12-27,103.019996643066
2016-12-28,103.26000213623
2016-12-29,102.680000305176
2016-12-30,102.389999389648
2017-01-01,
2017-01-03,103.209999084473
2017-01-04,102.699996948242
2017-01-05,101.519996643066
2017-01-06,102.220001220703
2017-01-08,
2017-01-09,101.930000305176
2017-01-10,102.01000213623
2017-01-11,101.779998779297
2017-01-12,101.349998474121
2017-01-13,101.180000305176
2017-01-15,
2017-01-17,100.330001831055
2017-01-18,100.930000305176
2017-01-19,101.150001525879
2017-01-20,100.73999786377
2017-01-22,
2017-01-23,100.160003662109
2017-01-24,100.349998474121
2017-01-25,100.029998779297
2017-01-26,100.379997253418
2017-01-27,100.529998779297
2017-01-29,
2017-01-30,100.430000305176
2017-01-31,99.5100021362305
2017-02-01,99.6399993896484
2017-02-02,99.8499984741211
2017-02-03,99.870002746582
2017-02-05,
2017-02-06,99.9100036621094
2017-02-07,100.26000213623
2017-02-08,100.279998779297
2017-02-09,100.650001525879
2017-02-10,100.800003051758
2017-02-12,
2017-02-13,100.959999084473
2017-02-14,101.25
2017-02-15,101.180000305176
2017-02-16,100.440002441406
2017-02-17,100.949996948242
2017-02-19,
2017-02-21,101.370002746582
2017-02-22,101.330001831055
2017-02-23,101.050003051758
2017-02-24,101.089996337891
2017-02-26,
2017-02-27,101.129997253418
2017-02-28,101.120002746582
2017-03-01,101.779998779297
2017-03-02,102.199996948242
2017-03-03,101.540000915527
2017-03-05,
2017-03-06,101.639999389648
2017-03-07,101.809997558594
2017-03-08,102.069999694824
2017-03-09,101.849998474121
2017-03-10,101.25
2017-03-12,
2017-03-13,101.379997253418
2017-03-14,101.699996948242
2017-03-15,100.73999786377
2017-03-16,100.269996643066
2017-03-17,100.300003051758
2017-03-19,
2017-03-20,100.410003662109
2017-03-21,99.8099975585938
2017-03-22,99.6800003051758
2017-03-23,99.7600021362305
2017-03-24,99.629997253418
2017-03-26,
2017-03-27,99.1699981689453
2017-03-28,99.7099990844727
2017-03-29,100
2017-03-30,100.410003662109
2017-03-31,100.349998474121
2017-04-02,
2017-04-03,100.540000915527
2017-04-04,100.540000915527
2017-04-05,100.559997558594
2017-04-06,100.669998168945
2017-04-07,101.180000305176
2017-04-09,
2017-04-10,101.019996643066
2017-04-11,100.709999084473
2017-04-12,100.779998779297
2017-04-13,100.559997558594
2017-04-16,
2017-04-17,100.300003051758
2017-04-18,99.5
2017-04-19,99.7399978637695
2017-04-20,99.7799987792969
2017-04-21,99.9800033569336
2017-04-23,
2017-04-24,99.0899963378906
2017-04-25,98.8199996948242
2017-04-26,98.9599990844727
2017-04-27,99.0800018310547
2017-04-28,99.0500030517578
2017-04-30,
2017-05-01,99.1399993896484
2017-05-02,98.9800033569336
2017-05-03,99.2099990844727
2017-05-04,98.7600021362305
2017-05-05,98.6500015258789
2017-05-07,
2017-05-08,99.1500015258789
2017-05-09,99.5899963378906
2017-05-10,99.6699981689453
2017-05-11,99.620002746582
2017-05-12,99.25
2017-05-14,
2017-05-15,98.9100036621094
2017-05-16,98.1100006103516
2017-05-17,97.4199981689453
2017-05-18,97.879997253418
2017-05-19,97.1500015258789
2017-05-21,
2017-05-22,96.9800033569336
2017-05-23,97.3499984741211
2017-05-24,97.2399978637695
2017-05-25,97.25
2017-05-26,97.4000015258789
2017-05-28,
2017-05-30,97.2799987792969
2017-05-31,96.9199981689453
2017-06-01,97.1999969482422
2017-06-02,96.7200012207031
2017-06-04,
2017-06-05,96.8000030517578
2017-06-06,96.6399993896484
2017-06-07,96.75
2017-06-08,96.9199981689453
2017-06-09,97.2699966430664
2017-06-11,
2017-06-12,97.1399993896484
2017-06-13,96.9800033569336
2017-06-14,96.9400024414062
2017-06-15,97.4300003051758
2017-06-16,97.1600036621094
2017-06-18,
2017-06-19,97.5299987792969
2017-06-20,97.75
2017-06-21,97.5599975585938
2017-06-22,97.5400009155273
2017-06-23,97.3000030517578
2017-06-25,
2017-06-26,97.4300003051758
2017-06-27,96.4700012207031
2017-06-28,96.0500030517578
2017-06-29,95.629997253418
2017-06-30,95.6600036621094
2017-07-02,
2017-07-03,96.1999969482422
2017-07-05,96.2900009155273
2017-07-06,95.8199996948242
2017-07-07,96.0100021362305
2017-07-09,
2017-07-10,96.0500030517578
2017-07-11,95.7399978637695
2017-07-12,95.7900009155273
2017-07-13,95.7300033569336
2017-07-14,95.1100006103516
2017-07-16,
2017-07-17,95.129997253418
2017-07-18,94.6600036621094
2017-07-19,94.8000030517578
2017-07-20,94.2699966430664
2017-07-21,93.9400024414063
2017-07-23,
2017-07-24,93.9800033569336
2017-07-25,94.0500030517578
2017-07-26,93.6699981689453
2017-07-27,93.8600006103516
2017-07-28,93.2600021362305
2017-07-30,
2017-07-31,92.8600006103516
2017-08-01,93.0299987792969
2017-08-02,92.8300018310547
2017-08-03,92.8099975585937
2017-08-04,93.5400009155273
2017-08-06,
2017-08-07,93.4300003051758
2017-08-08,93.6399993896484
2017-08-09,93.5199966430664
2017-08-10,93.4000015258789
2017-08-11,93.0699996948242
2017-08-13,
2017-08-14,93.4599990844727
2017-08-15,93.8499984741211
2017-08-16,93.4899978637695
2017-08-17,93.620002746582
2017-08-18,93.4300003051758
2017-08-20,
2017-08-21,93.0999984741211
2017-08-22,93.5500030517578
2017-08-23,93.1500015258789
2017-08-24,93.2799987792969
2017-08-25,92.7399978637695
2017-08-27,
2017-08-28,92.2099990844727
2017-08-29,92.3499984741211
2017-08-30,92.879997253418
2017-08-31,92.6699981689453
2017-09-01,92.8099975585937
2017-09-03,
2017-09-05,92.3099975585938
2017-09-06,92.2900009155273
2017-09-07,91.5299987792969
2017-09-08,91.3300018310547
2017-09-10,
2017-09-11,91.8600006103516
2017-09-12,91.9100036621094
2017-09-13,92.5199966430664
2017-09-14,92.120002746582
2017-09-15,91.870002746582
2017-09-17,
2017-09-18,92.0500030517578
2017-09-19,91.7900009155274
2017-09-20,92.5100021362305
2017-09-21,92.2600021362305
2017-09-22,92.1699981689453
2017-09-24,
2017-09-25,92.6500015258789
2017-09-26,92.9700012207031
2017-09-27,93.3600006103516
2017-09-28,93.0899963378906
2017-09-29,93.0800018310547
2017-10-01,
2017-10-02,93.5599975585938
2017-10-03,93.5699996948242
2017-10-04,93.4599990844727
2017-10-05,93.9599990844727
2017-10-06,93.8000030517578
2017-10-08,
2017-10-09,93.7399978637695
2017-10-10,93.2900009155273
2017-10-11,92.9599990844727
2017-10-12,93.120002746582
2017-10-13,93.0899963378906
2017-10-15,
2017-10-16,93.2799987792969
2017-10-17,93.4899978637695
2017-10-18,93.3600006103516
2017-10-19,93.2699966430664
2017-10-20,93.6999969482422
2017-10-22,
2017-10-23,93.9400024414063
2017-10-24,93.9599990844727
2017-10-25,93.7099990844727
2017-10-26,94.6100006103516
2017-10-27,94.9199981689453
2017-10-29,
2017-10-30,94.4899978637695
2017-10-31,94.5500030517578
2017-11-01,94.8199996948242
2017-11-02,94.6900024414063
2017-11-03,94.9400024414063
2017-11-05,
2017-11-06,94.7200012207031
2017-11-07,94.9100036621094
2017-11-08,94.870002746582
2017-11-09,94.4400024414062
2017-11-10,94.3899993896484
2017-11-12,
2017-11-13,94.4899978637695
2017-11-14,93.8300018310547
2017-11-15,93.8099975585938
2017-11-16,93.9300003051758
2017-11-17,93.6600036621094
2017-11-19,
2017-11-20,94.0800018310547
2017-11-21,93.9499969482422
2017-11-22,93.2200012207031
2017-11-24,92.7600021362305
2017-11-26,
2017-11-27,92.9000015258789
2017-11-28,93.2600021362305
2017-11-29,93.2600021362305
2017-11-30,93.0100021362305
2017-12-01,92.9000015258789
2017-12-03,
2017-12-04,93.1900024414062
2017-12-05,93.379997253418
2017-12-06,93.6100006103516
2017-12-07,93.8000030517578
2017-12-08,93.9000015258789
2017-12-10,
2017-12-11,93.870002746582
2017-12-12,94.0999984741211
2017-12-13,93.4300003051758
2017-12-14,93.4899978637695
2017-12-15,93.9300003051758
2017-12-17,
2017-12-18,93.6999969482422
2017-12-19,93.4700012207031
2017-12-20,93.3499984741211
2017-12-21,93.2799987792969
2017-12-22,93.3499984741211
2017-12-24,
2017-12-26,93.2600021362305
2017-12-27,93.0299987792969
2017-12-28,92.5999984741211
2017-12-29,92.120002746582
2017-12-31,
2018-01-02,91.8499984741211
2018-01-03,92.1600036621094
2018-01-04,91.8499984741211
2018-01-05,91.9499969482422
2018-01-07,
2018-01-08,92.3300018310547
2018-01-09,92.5299987792969
2018-01-10,92.3300018310547
2018-01-11,91.8499984741211
2018-01-12,90.9700012207031
2018-01-14,
2018-01-16,90.3899993896484
2018-01-17,90.5400009155274
2018-01-18,90.5
2018-01-19,90.5699996948242
2018-01-21,
2018-01-22,90.4000015258789
2018-01-23,90.120002746582
2018-01-24,89.2099990844727
2018-01-25,89.3899993896484
2018-01-26,89.0699996948242
2018-01-28,
2018-01-29,89.3099975585938
2018-01-30,89.1900024414063
2018-01-31,89.129997253418
2018-02-01,88.6699981689453
2018-02-02,89.1999969482422
2018-02-04,
2018-02-05,89.5500030517578
2018-02-06,89.5899963378906
2018-02-07,90.2600021362305
2018-02-08,90.2300033569336
2018-02-09,90.4400024414062
2018-02-11,
2018-02-12,90.2099990844727
2018-02-13,89.6999969482422
2018-02-14,89.120002746582
2018-02-15,88.5899963378906
2018-02-16,89.0999984741211
2018-02-18,
2018-02-20,89.7200012207031
2018-02-21,90.0800018310547
2018-02-22,89.75
2018-02-23,89.879997253418
2018-02-25,
2018-02-26,89.8199996948242
2018-02-27,90.3600006103516
2018-02-28,90.6100006103516
2018-03-01,90.3199996948242
2018-03-02,89.9400024414063
2018-03-04,
2018-03-05,90.0800018310547
2018-03-06,89.620002746582
2018-03-07,89.6399993896485
2018-03-08,90.120002746582
2018-03-09,90.0899963378906
2018-03-11,
2018-03-12,89.9000015258789
2018-03-13,89.6600036621094
2018-03-14,89.6999969482422
2018-03-15,90.1399993896484
2018-03-16,90.2300033569336
2018-03-18,
2018-03-19,89.9000015258789
2018-03-20,90.370002746582
2018-03-21,89.7799987792969
2018-03-22,89.8600006103516
2018-03-23,89.4400024414063
2018-03-25,
2018-03-26,89.0299987792969
2018-03-27,89.370002746582
2018-03-28,90.0599975585938
2018-03-29,90.1500015258789
2018-04-01,
2018-04-02,90.0500030517578
2018-04-03,90.1999969482422
2018-04-04,90.1399993896484
2018-04-05,90.4599990844727
2018-04-06,90.1100006103516
2018-04-08,
2018-04-09,89.8399963378906
2018-04-10,89.5899963378906
2018-04-11,89.5699996948242
2018-04-12,89.75
2018-04-13,89.8000030517578
2018-04-15,
2018-04-16,89.4300003051758
2018-04-17,89.5199966430664
2018-04-18,89.620002746582
2018-04-19,89.9400024414063
2018-04-20,90.3199996948242
2018-04-22,
2018-04-23,90.9400024414063
2018-04-24,90.7699966430664
2018-04-25,91.1699981689453
2018-04-26,91.5599975585937
2018-04-27,91.5400009155274
2018-04-29,
2018-04-30,91.8399963378906
2018-05-01,92.4499969482422
2018-05-02,92.5100021362305
2018-05-03,92.4100036621094
2018-05-04,92.5699996948242
2018-05-06,
2018-05-07,92.75
2018-05-08,93.120002746582
2018-05-09,93.0400009155274
2018-05-10,92.6500015258789
2018-05-11,92.5400009155273
2018-05-13,
2018-05-14,92.5899963378906
2018-05-15,93.2200012207031
2018-05-16,93.3899993896484
2018-05-17,93.4700012207031
2018-05-18,93.6399993896484
2018-05-20,
2018-05-21,93.6800003051758
2018-05-22,93.6100006103516
2018-05-23,94.0100021362305
2018-05-24,93.7799987792969
2018-05-25,94.1900024414062
2018-05-27,
2018-05-29,94.8300018310547
2018-05-30,94.1500015258789
2018-05-31,93.9899978637695
2018-06-01,94.1900024414062
2018-06-03,
2018-06-04,94.0199966430664
2018-06-05,93.8899993896484
2018-06-06,93.6600036621094
2018-06-07,93.4000015258789
2018-06-08,93.5500030517578
2018-06-10,
2018-06-11,93.5800018310547
2018-06-12,93.8000030517578
2018-06-13,93.7099990844727
2018-06-14,94.7699966430664
2018-06-15,94.7900009155273
2018-06-17,
2018-06-18,94.75
2018-06-19,95.0899963378906
2018-06-20,95.0599975585938
2018-06-21,94.870002746582
2018-06-22,94.5199966430664
2018-06-24,
2018-06-25,94.2799987792969
2018-06-26,94.6800003051758
2018-06-27,95.2900009155274
2018-06-28,95.3899993896484
2018-06-29,94.629997253418
2018-07-01,
2018-07-02,94.870002746582
2018-07-03,94.5899963378906
2018-07-05,94.4700012207031
2018-07-06,94.0400009155274
2018-07-08,
2018-07-09,94.0800018310547
2018-07-10,94.1100006103516
2018-07-11,94.7200012207031
2018-07-12,94.8099975585938
2018-07-13,94.75
2018-07-15,
2018-07-16,94.5100021362305
2018-07-17,94.9700012207031
2018-07-18,95.0800018310547
2018-07-19,95.1699981689453
2018-07-20,94.4599990844727
2018-07-22,
2018-07-23,94.6699981689453
2018-07-24,94.6100006103516
2018-07-25,94.3600006103516
2018-07-26,94.75
2018-07-27,94.6800003051758
2018-07-29,
2018-07-30,94.3600006103516
2018-07-31,94.4899978637695
2018-08-01,94.620002746582
2018-08-02,95.1699981689453
2018-08-03,95.1399993896484
2018-08-05,
2018-08-06,95.3600006103516
2018-08-07,95.2200012207031
2018-08-08,95.0999984741211
2018-08-09,95.5
2018-08-10,96.3600006103516
2018-08-12,
2018-08-13,96.3899993896484
2018-08-14,96.7300033569336
2018-08-15,96.6999969482422
2018-08-16,96.6500015258789
2018-08-17,96.0999984741211
2018-08-19,
2018-08-20,95.9000015258789
2018-08-21,95.2600021362305
2018-08-22,95.1500015258789
2018-08-23,95.620002746582
2018-08-24,95.1500015258789
2018-08-26,
2018-08-27,94.7799987792969
2018-08-28,94.7200012207031
2018-08-29,94.5999984741211
2018-08-30,94.7200012207031
2018-08-31,95.1399993896484
2018-09-02,
2018-09-04,95.4199981689453
2018-09-05,95.129997253418
2018-09-06,95.0199966430664
2018-09-07,95.370002746582
2018-09-09,
2018-09-10,95.1500015258789
2018-09-11,95.0599975585938
2018-09-12,94.8000030517578
2018-09-13,94.5400009155273
2018-09-14,94.9800033569336
2018-09-16,
2018-09-17,94.5100021362305
2018-09-18,94.620002746582
2018-09-19,94.5500030517578
2018-09-20,93.9100036621094
2018-09-21,94.2200012207031
2018-09-23,
2018-09-24,94.2600021362305
2018-09-25,94.129997253418
2018-09-26,94.1900024414062
2018-09-27,95
2018-09-28,95.1900024414063
2018-09-30,
2018-10-01,95.3000030517578
2018-10-02,95.5100021362305
2018-10-03,95.7600021362305
2018-10-04,95.75
2018-10-05,95.620002746582
2018-10-07,
2018-10-08,95.7699966430664
2018-10-09,95.6800003051758
2018-10-10,95.5100021362305
2018-10-11,95.0199966430664
2018-10-12,95.2200012207031
2018-10-14,
2018-10-15,95.0699996948242
2018-10-16,95.0500030517578
2018-10-17,95.5800018310547
2018-10-18,95.9000015258789
2018-10-19,95.7099990844727
2018-10-21,
2018-10-22,96.0100021362305
2018-10-23,95.9599990844727
2018-10-24,96.4300003051758
2018-10-25,96.6800003051758
2018-10-26,96.3600006103516
2018-10-28,
2018-10-29,96.5800018310547
2018-10-30,97.0100021362305
2018-10-31,97.129997253418
2018-11-01,96.2799987792969
2018-11-02,96.5400009155274
2018-11-04,
2018-11-05,96.3499984741211
2018-11-06,96.3199996948242
2018-11-07,96
2018-11-08,96.6399993896484
2018-11-09,96.9100036621094
2018-11-11,
2018-11-12,97.5400009155273
2018-11-13,97.3000030517578
2018-11-14,96.8000030517578
2018-11-15,96.9300003051758
2018-11-16,96.4700012207031
2018-11-18,
2018-11-19,96.1900024414063
2018-11-20,96.8099975585938
2018-11-21,96.7099990844727
2018-11-23,96.9199981689453
2018-11-25,
2018-11-26,97.0699996948242
2018-11-27,97.370002746582
2018-11-28,96.7900009155274
2018-11-29,96.7799987792969
2018-11-30,97.2699966430664
2018-12-02,
2018-12-03,97.0400009155274
2018-12-04,96.9700012207031
2018-12-06,96.8099975585938
2018-12-07,96.5100021362305
2018-12-09,
2018-12-10,97.2200012207031
2018-12-11,97.3899993896485
2018-12-12,97.0400009155274
2018-12-13,97.0599975585938
2018-12-14,97.4400024414063
2018-12-16,
2018-12-17,97.0999984741211
2018-12-18,97.1399993896484
2018-12-19,97.0400009155274
2018-12-20,96.2799987792969
2018-12-21,96.9599990844727
2018-12-23,
2018-12-24,96.5500030517578
2018-12-26,97.0500030517578
2018-12-27,96.4800033569336
2018-12-28,96.3899993896484
2018-12-30,
2018-12-31,96.1699981689453
2019-01-02,96.8199996948242
2019-01-03,96.3099975585938
2019-01-04,96.1900024414063
2019-01-06,
2019-01-07,95.7099990844727
2019-01-08,95.9000015258789
2019-01-09,95.2200012207031
2019-01-10,95.5400009155274
2019-01-11,95.6699981689453
2019-01-13,
2019-01-14,95.5899963378906
2019-01-15,95.9700012207031
2019-01-16,96.0599975585938
2019-01-17,96.0699996948242
2019-01-18,96.3399963378906
2019-01-20,
2019-01-22,96.3000030517578
2019-01-23,96.120002746582
2019-01-24,96.5999984741211
2019-01-25,95.7900009155273
2019-01-27,
2019-01-28,95.75
2019-01-29,95.8199996948242
2019-01-30,95.3399963378906
2019-01-31,95.5800018310547
2019-02-01,95.5800018310547
2019-02-03,
2019-02-04,95.8499984741211
2019-02-05,96.0999984741211
2019-02-06,96.4199981689453
2019-02-07,96.5100021362305
2019-02-08,96.6399993896484
2019-02-10,
2019-02-11,97.0599975585938
2019-02-12,96.7099990844727
2019-02-13,97.129997253418
2019-02-14,96.9800033569336
2019-02-15,96.9199981689453
2019-02-17,
2019-02-19,96.5199966430664
2019-02-20,96.4499969482422
2019-02-21,96.6100006103516
2019-02-22,96.5100021362305
2019-02-24,
2019-02-25,96.4100036621094
2019-02-26,96
2019-02-27,96.1500015258789
2019-02-28,96.1600036621094
2019-03-01,96.5299987792969
2019-03-03,
2019-03-04,96.6800003051758
2019-03-05,96.8499984741211
2019-03-06,96.870002746582
2019-03-07,97.6699981689453
2019-03-08,97.370002746582
2019-03-10,
2019-03-11,97.2200012207031
2019-03-12,96.9400024414062
2019-03-13,96.5500030517578
2019-03-14,96.7900009155274
2019-03-15,96.5999984741211
2019-03-17,
2019-03-18,96.5199966430664
2019-03-19,96.379997253418
2019-03-20,95.7600021362305
2019-03-21,96.5
2019-03-22,96.6500015258789
2019-03-24,
2019-03-25,96.5699996948242
2019-03-26,96.7399978637695
2019-03-27,96.7699966430664
2019-03-28,97.1999969482422
2019-03-29,97.2799987792969
2019-03-31,
2019-04-01,97.25
2019-04-02,97.3600006103516
2019-04-03,97.0899963378906
2019-04-04,97.3099975585938
2019-04-05,97.4000015258789
2019-04-07,
2019-04-08,97.0500030517578
2019-04-09,97.0100021362305
2019-04-10,96.9499969482422
2019-04-11,97.1800003051758
2019-04-12,96.9700012207031
2019-04-14,
2019-04-15,96.9400024414062
2019-04-16,97.0400009155274
2019-04-17,97.0100021362305
2019-04-18,97.4700012207031
2019-04-21,
2019-04-22,97.2799987792969
2019-04-23,97.5699996948242
2019-04-24,98.0999984741211
2019-04-25,98.1999969482422
2019-04-26,98.0100021362305
2019-04-28,
2019-04-29,97.8600006103516
2019-04-30,97.4800033569336
2019-05-01,97.6900024414063
2019-05-02,97.8300018310547
2019-05-03,97.5199966430664
2019-05-05,
2019-05-06,97.5199966430664
2019-05-07,97.629997253418
2019-05-08,97.620002746582
2019-05-09,97.370002746582
2019-05-10,97.3300018310547
2019-05-12,
2019-05-13,97.3199996948242
2019-05-14,97.5299987792969
2019-05-15,97.5699996948242
2019-05-16,97.8399963378906
2019-05-17,98
2019-05-19,
2019-05-20,97.9300003051758
2019-05-21,98.0599975585938
2019-05-22,98.1100006103516
2019-05-23,97.8499984741211
2019-05-24,97.6100006103516
2019-05-26,
2019-05-28,97.9599990844727
2019-05-29,98.1399993896484
2019-05-30,98.1399993896484
2019-05-31,97.75
2019-06-02,
2019-06-03,97.1399993896484
2019-06-04,97.0699996948242
2019-06-05,97.370002746582
2019-06-06,97.0299987792969
2019-06-07,96.6100006103516
2019-06-09,
2019-06-10,96.7600021362305
2019-06-11,96.6900024414063
2019-06-12,97
2019-06-13,97.0100021362305
2019-06-14,97.5699996948242
2019-06-16,
2019-06-17,97.5599975585938
2019-06-18,97.6399993896484
2019-06-19,97.120002746582
2019-06-20,96.629997253418
2019-06-21,96.2200012207031
2019-06-23,
2019-06-24,95.9800033569336
2019-06-25,96.1600036621094
2019-06-26,96.2099990844727
2019-06-27,96.1900024414063
2019-06-28,96.129997253418
2019-06-30,
2019-07-01,96.8399963378906
2019-07-02,96.7300033569336
2019-07-03,96.7699966430664
2019-07-05,97.25
2019-07-07,
2019-07-08,97.379997253418
2019-07-09,97.4899978637695
2019-07-10,97.0999984741211
2019-07-11,97.0500030517578
2019-07-12,96.8099975585938
2019-07-14,
2019-07-15,96.9300003051758
2019-07-16,97.4000015258789
2019-07-17,97.2200012207031
2019-07-18,96.7900009155274
2019-07-19,97.1500015258789
2019-07-21,
2019-07-22,97.2600021362305
2019-07-23,97.7099990844727
2019-07-24,97.7300033569336
2019-07-25,97.8199996948242
2019-07-26,98.0100021362305
2019-07-28,
2019-07-29,98.0400009155274
2019-07-30,98.0500030517578
2019-07-31,98.5199966430664
2019-08-01,98.3899993896484
2019-08-02,98.0999984741211
2019-08-04,
2019-08-05,97.5
2019-08-06,97.629997253418
2019-08-07,97.5400009155273
2019-08-08,97.620002746582
2019-08-09,97.4899978637695
2019-08-11,
2019-08-12,97.379997253418
2019-08-13,97.8099975585938
2019-08-14,97.9899978637695
2019-08-15,98.1399993896484
2019-08-16,98.1399993896484
2019-08-18,
2019-08-19,98.3499984741211
2019-08-20,98.1900024414062
2019-08-21,98.3000030517578
2019-08-22,98.1699981689453
2019-08-23,97.6399993896484
2019-08-25,
2019-08-26,98.0800018310547
2019-08-27,98
2019-08-28,98.2099990844727
2019-08-29,98.5100021362305
2019-08-30,98.9199981689453
2019-09-01,
2019-09-03,98.9499969482422
2019-09-04,98.4499969482422
2019-09-05,98.4100036621094
2019-09-06,98.3899993896484
2019-09-08,
2019-09-09,98.2799987792969
2019-09-10,98.3300018310547
2019-09-11,98.6500015258789
2019-09-12,98.3099975585938
2019-09-13,98.2600021362305
2019-09-15,
2019-09-16,98.6500015258789
2019-09-17,98.2600021362305
2019-09-18,98.5999984741211
2019-09-19,98.2699966430664
2019-09-20,98.5100021362305
2019-09-22,
2019-09-23,98.5999984741211
2019-09-24,98.3399963378906
2019-09-25,99.0400009155274
2019-09-26,99.2099990844727
2019-09-27,99.1100006103516
2019-09-29,
2019-09-30,99.379997253418
2019-10-01,99.129997253418
2019-10-02,99.0400009155274
2019-10-03,98.8600006103516
2019-10-04,98.8099975585938
2019-10-06,
2019-10-07,98.9899978637695
2019-10-08,99.1399993896484
2019-10-09,99.120002746582
2019-10-10,98.7099990844727
2019-10-11,98.3000030517578
2019-10-13,
2019-10-14,98.4499969482422
2019-10-15,98.2900009155274
2019-10-16,98.0100021362305
2019-10-17,97.6100006103516
2019-10-18,97.2799987792969
2019-10-20,
2019-10-21,97.3300018310547
2019-10-22,97.5299987792969
2019-10-23,97.4700012207031
2019-10-24,97.629997253418
2019-10-25,97.8300018310547
2019-10-27,
2019-10-28,97.7600021362305
2019-10-29,97.6900024414063
2019-10-30,97.6500015258789
2019-10-31,97.3499984741211
2019-11-01,97.2399978637695
2019-11-03,
2019-11-04,97.5100021362305
2019-11-05,97.9800033569336
2019-11-06,97.9499969482422
2019-11-07,98.1399993896484
2019-11-08,98.3499984741211
2019-11-10,
2019-11-11,98.1999969482422
2019-11-12,98.3099975585938
2019-11-13,98.370002746582
2019-11-14,98.1600036621094
2019-11-15,98
2019-11-17,
2019-11-18,97.7900009155274
2019-11-19,97.8600006103516
2019-11-20,97.9300003051758
2019-11-21,97.9899978637695
2019-11-22,98.2699966430664
2019-11-24,
2019-11-25,98.3199996948242
2019-11-26,98.25
2019-11-27,98.4100036621094
2019-11-29,98.2699966430664
2019-12-01,
2019-12-02,97.8600006103516
2019-12-03,97.7399978637695
2019-12-04,97.6500015258789
2019-12-05,97.4100036621094
2019-12-06,97.6999969482422
2019-12-08,
2019-12-09,97.6399993896484
2019-12-10,97.4100036621094
2019-12-11,97.1600036621094
2019-12-12,97.4000015258789
2019-12-13,97.1699981689453
2019-12-15,
2019-12-16,97.0699996948242
2019-12-17,97.2099990844727
2019-12-18,97.4100036621094
2019-12-19,97.4199981689453
2019-12-20,97.7099990844727
2019-12-22,
2019-12-23,97.6600036621094
2019-12-24,97.6500015258789
2019-12-26,97.5899963378906
2019-12-27,96.9199981689453
2019-12-29,
2019-12-30,96.7399978637695
2019-12-31,96.3899993896484
2020-01-02,96.8499984741211
2020-01-03,96.8399963378906
2020-01-05,
2020-01-06,96.6699981689453
2020-01-07,96.9800033569336
2020-01-08,97.3000030517578
2020-01-09,97.4499969482422
2020-01-10,97.3600006103516
2020-01-12,
2020-01-13,97.3499984741211
2020-01-14,97.370002746582
2020-01-15,97.2300033569336
2020-01-16,97.3199996948242
2020-01-17,97.6100006103516
2020-01-19,
2020-01-21,97.5299987792969
2020-01-22,97.5299987792969
2020-01-23,97.6900024414063
2020-01-24,97.8499984741211
2020-01-26,
2020-01-27,97.9599990844727
2020-01-28,98.0199966430664
2020-01-29,97.9899978637695
2020-01-30,97.870002746582
2020-01-31,97.3899993896485
2020-02-02,
2020-02-03,97.8000030517578
2020-02-04,97.9599990844727
2020-02-05,98.2699966430664
2020-02-06,98.5
2020-02-07,98.6800003051758
2020-02-09,
2020-02-10,98.8300018310547
2020-02-11,98.7200012207031
2020-02-12,99.0500030517578
2020-02-13,99.0699996948242
2020-02-14,99.120002746582
2020-02-16,
2020-02-18,99.4599990844727
2020-02-19,99.5999984741211
2020-02-20,99.870002746582
2020-02-21,99.2600021362305
2020-02-23,
2020-02-24,99.2900009155274
2020-02-25,98.9700012207031
2020-02-26,99
2020-02-27,98.4400024414063
2020-02-28,98.129997253418
2020-03-01,
2020-03-02,97.3600006103516
2020-03-03,97.1500015258789
2020-03-04,97.3399963378906
2020-03-05,96.8199996948242
2020-03-06,95.9499969482422
2020-03-08,
2020-03-09,94.9000015258789
2020-03-10,96.4100036621094
2020-03-11,96.5100021362305
2020-03-12,97.4700012207031
2020-03-13,98.75
2020-03-15,
2020-03-16,98.0899963378906
2020-03-17,99.5800018310547
2020-03-18,101.160003662109
2020-03-19,102.76000213623
2020-03-20,102.819999694824
2020-03-22,
2020-03-23,102.48999786377
2020-03-24,101.73999786377
2020-03-25,101.050003051758
2020-03-26,99.4199981689453
2020-03-27,98.370002746582
2020-03-29,
2020-03-30,99.1800003051758
2020-03-31,99.0500030517578
2020-04-01,99.6699981689453
2020-04-02,100.180000305176
2020-04-03,100.580001831055
2020-04-05,
2020-04-06,100.690002441406
2020-04-07,99.9800033569336
2020-04-08,100.120002746582
2020-04-09,99.5199966430664
2020-04-12,
2020-04-13,99.3499984741211
2020-04-14,98.8899993896484
2020-04-15,99.4599990844727
2020-04-16,100.029998779297
2020-04-17,99.7799987792969
2020-04-19,
2020-04-20,99.9599990844727
2020-04-21,100.26000213623
2020-04-22,100.389999389648
2020-04-23,100.430000305176
2020-04-24,100.379997253418
2020-04-26,
2020-04-27,100.040000915527
2020-04-28,99.870002746582
2020-04-29,99.5699996948242
2020-04-30,99.0199966430664
2020-05-01,98.8000030517578
2020-05-03,
2020-05-04,99.4800033569336
2020-05-05,99.7099990844727
2020-05-06,100.089996337891
2020-05-07,99.8899993896485
2020-05-08,99.7300033569336
2020-05-10,
2020-05-11,100.23999786377
2020-05-12,99.9300003051758
2020-05-13,100.23999786377
2020-05-14,100.470001220703
2020-05-15,100.400001525879
2020-05-17,
2020-05-18,99.6699981689453
2020-05-19,99.370002746582
2020-05-20,99.120002746582
2020-05-21,99.370002746582
2020-05-22,99.8600006103516
2020-05-24,
2020-05-26,98.9100036621094
2020-05-27,99.0599975585938
2020-05-28,98.379997253418
2020-05-29,98.3399963378906
2020-05-31,
2020-06-01,97.8300018310547
2020-06-02,97.6699981689453
2020-06-03,97.2799987792969
2020-06-04,96.6800003051758
2020-06-05,96.9400024414062
2020-06-07,
2020-06-08,96.620002746582
2020-06-09,96.3199996948242
2020-06-10,95.9599990844727
2020-06-11,96.7300033569336
2020-06-12,97.3199996948242
2020-06-14,
2020-06-15,96.6800003051758
2020-06-16,96.9599990844727
2020-06-17,97.1600036621094
2020-06-18,97.4199981689453
2020-06-19,97.620002746582
2020-06-21,
2020-06-22,97.0400009155274
2020-06-23,96.6900024414063
2020-06-24,97.1500015258789
2020-06-25,97.4300003051758
2020-06-26,97.5
2020-06-28,
2020-06-29,97.5400009155273
2020-06-30,97.3899993896485
2020-07-01,97.1999969482422
2020-07-02,97.3199996948242
2020-07-05,
2020-07-06,96.7900009155274
2020-07-07,96.879997253418
2020-07-08,96.4300003051758
2020-07-09,96.6999969482422
2020-07-10,96.6500015258789
2020-07-12,
2020-07-13,96.4599990844727
2020-07-14,96.2600021362305
2020-07-15,96.0800018310547
2020-07-16,96.3499984741211
2020-07-17,95.9400024414063
2020-07-19,
2020-07-20,95.8300018310547
2020-07-21,95.120002746582
2020-07-22,94.9700012207031
2020-07-23,94.6900024414063
2020-07-24,94.4400024414062
2020-07-26,
2020-07-27,93.6699981689453
2020-07-28,93.7600021362305
2020-07-29,93.2600021362305
2020-07-30,93.0199966430664
2020-07-31,93.4899978637695
2020-08-02,
2020-08-03,93.5
2020-08-04,93.379997253418
2020-08-05,92.8300018310547
2020-08-06,92.7900009155274
2020-08-07,93.4400024414063
2020-08-09,
2020-08-10,93.5800018310547
2020-08-11,93.629997253418
2020-08-12,93.4400024414063
2020-08-13,93.3399963378906
2020-08-14,93.0999984741211
2020-08-16,
2020-08-17,92.8499984741211
2020-08-18,92.2699966430664
2020-08-19,92.8899993896484
2020-08-20,92.7900009155274
2020-08-21,93.25
2020-08-23,
2020-08-24,93.3000030517578
2020-08-25,93.0199966430664
2020-08-26,93.0100021362305
2020-08-27,93.0100021362305
2020-08-28,92.370002746582
2020-08-30,
2020-08-31,92.1399993896484
2020-09-01,92.3399963378906
2020-09-02,92.8499984741211
2020-09-03,92.7399978637695
2020-09-04,92.7200012207031
2020-09-06,
2020-09-08,93.4800033569336
2020-09-09,93.2600021362305
2020-09-10,93.3399963378906
2020-09-11,93.3300018310547
2020-09-13,
2020-09-14,93.0699996948242
2020-09-15,93.0500030517578
2020-09-16,93.2099990844727
2020-09-17,92.9700012207031
2020-09-18,92.9300003051758
2020-09-20,
2020-09-21,93.5400009155273
2020-09-22,93.9899978637695
2020-09-23,94.3899993896484
2020-09-24,94.3499984741211
2020-09-25,94.5800018310547
2020-09-27,
2020-09-28,94.2600021362305
2020-09-29,93.8899993896484
2020-09-30,93.8899993896484
2020-10-01,93.7099990844727
2020-10-02,93.8399963378906
2020-10-04,
2020-10-05,93.5100021362305
2020-10-06,93.8300018310547
2020-10-07,93.629997253418
2020-10-08,93.6100006103516
2020-10-09,93.0599975585938
2020-10-11,
2020-10-12,93.0699996948242
2020-10-13,93.5299987792969
2020-10-14,93.379997253418
2020-10-15,93.8600006103516
2020-10-16,93.6800003051758
2020-10-18,
2020-10-19,93.4300003051758
2020-10-20,93.0699996948242
2020-10-21,92.6100006103516
2020-10-22,92.9499969482422
2020-10-23,92.7699966430664
2020-10-25,
2020-10-26,93.0500030517578
2020-10-27,92.9400024414062
2020-10-28,93.4100036621094
2020-10-29,93.9599990844727
2020-10-30,94.0400009155274
2020-11-01,
2020-11-02,94.0500030517578
2020-11-03,93.5500030517578
2020-11-04,93.4100036621094
2020-11-05,92.5299987792969
2020-11-06,92.2300033569336
2020-11-08,
2020-11-09,92.7300033569336
2020-11-10,92.75
2020-11-11,93.0400009155274
2020-11-12,92.9599990844727
2020-11-13,92.7600021362305
2020-11-15,
2020-11-16,92.5699996948242
2020-11-17,92.4199981689453
2020-11-18,92.3199996948242
2020-11-19,92.2900009155273
2020-11-20,92.3899993896484
2020-11-22,
2020-11-23,92.5100021362305
2020-11-24,92.2300033569336
2020-11-25,91.9899978637695
2020-11-27,91.7900009155274
2020-11-29,
2020-11-30,91.870002746582
2020-12-01,91.3099975585938
2020-12-02,91.120002746582
2020-12-03,90.7099990844727
2020-12-04,90.6999969482422
2020-12-06,
2020-12-07,90.7900009155273
2020-12-08,90.9700012207031
2020-12-09,91.0899963378906
2020-12-10,90.7900009155273
2020-12-11,90.9800033569336
2020-12-13,
2020-12-14,90.7099990844727
2020-12-15,90.4700012207031
2020-12-16,90.4499969482422
2020-12-17,89.8199996948242
2020-12-18,90.0199966430664
2020-12-20,
2020-12-21,90.0400009155274
2020-12-22,90.6500015258789
2020-12-23,90.4100036621094
2020-12-24,90.3300018310547
2020-12-27,
2020-12-28,90.3399963378906
2020-12-29,90.0100021362305
2020-12-30,89.629997253418
2020-12-31,89.9400024414063
2021-01-03,
2021-01-04,89.879997253418
2021-01-05,89.4400024414063
2021-01-06,89.5299987792969
2021-01-07,89.8300018310547
2021-01-08,90.0999984741211
2021-01-10,
2021-01-11,90.5400009155274
2021-01-12,90.0500030517578
2021-01-13,90.3199996948242
2021-01-14,90.2399978637695
2021-01-15,90.7799987792969
2021-01-17,
2021-01-19,90.5
2021-01-20,90.4700012207031
2021-01-21,90.129997253418
2021-01-22,90.2399978637695
2021-01-24,
2021-01-25,90.3899993896484
2021-01-26,90.1699981689453
2021-01-27,90.6500015258789
2021-01-28,90.4599990844727
2021-01-29,90.5800018310547
2021-01-31,
2021-02-01,91.0199966430664
2021-02-02,91.1999969482422
2021-02-03,91.120002746582
2021-02-04,91.5299987792969
2021-02-05,91.0400009155273
2021-02-07,
2021-02-08,90.9300003051758
2021-02-09,90.4400024414062
2021-02-10,90.370002746582
2021-02-11,90.4199981689453
2021-02-12,90.4800033569336
2021-02-14,
2021-02-16,90.5100021362305
2021-02-17,90.9499969482422
2021-02-18,90.5899963378906
2021-02-19,90.3600006103516
2021-02-21,
2021-02-22,90.0100021362305
2021-02-23,90.1699981689453
2021-02-24,90.1800003051758
2021-02-25,90.129997253418
2021-02-26,90.9300003051758
2021-02-28,
2021-03-01,91.0400009155273
2021-03-02,90.7900009155273
2021-03-03,90.9499969482422
2021-03-04,91.629997253418
2021-03-05,91.9800033569336
2021-03-07,
2021-03-08,92.3099975585938
2021-03-09,91.9599990844727
2021-03-10,91.7900009155274
2021-03-11,91.4199981689453
2021-03-12,91.6800003051758
2021-03-14,
2021-03-15,91.8300018310547
2021-03-16,91.870002746582
2021-03-17,91.4000015258789
2021-03-18,91.8499984741211
2021-03-19,91.9199981689453
2021-03-21,
2021-03-22,91.8000030517578
2021-03-23,92.3399963378906
2021-03-24,92.5299987792969
2021-03-25,92.879997253418
2021-03-26,92.7699966430664
2021-03-28,
2021-03-29,92.9400024414062
2021-03-30,93.3000030517578
2021-03-31,93.2300033569336
2021-04-01,92.9300003051758
2021-04-04,
2021-04-05,92.5999984741211
2021-04-06,92.3399963378906
2021-04-07,92.4599990844727
2021-04-08,92.0599975585938
2021-04-09,92.1600036621094
2021-04-11,
2021-04-12,92.1399993896484
2021-04-13,91.8499984741211
2021-04-14,91.6900024414062
2021-04-15,91.6699981689453
2021-04-16,91.5599975585937
2021-04-18,
2021-04-19,91.0699996948242
2021-04-20,91.2399978637695
2021-04-21,91.1600036621094
2021-04-22,91.3300018310547
2021-04-23,90.8600006103516
2021-04-25,
2021-04-26,90.8099975585938
2021-04-27,90.9100036621094
2021-04-28,90.6100006103516
2021-04-29,90.6100006103516
2021-04-30,91.2799987792969
2021-05-02,
2021-05-03,90.9499969482422
2021-05-04,91.2900009155273
2021-05-05,91.3099975585938
2021-05-06,90.9499969482422
2021-05-07,90.2300033569336
2021-05-09,
2021-05-10,90.2099990844727
2021-05-11,90.1399993896484
2021-05-12,90.7099990844727
2021-05-13,90.75
2021-05-14,90.3199996948242
2021-05-16,
2021-05-17,90.2200012207031
2021-05-18,89.75
2021-05-19,90.1900024414063
2021-05-20,89.8099975585938
2021-05-21,90.0199966430664
2021-05-23,
2021-05-24,89.8300018310547
2021-05-25,89.6399993896485
2021-05-26,90.0400009155274
2021-05-27,89.9700012207031
2021-05-28,90.0299987792969
2021-05-30,
2021-06-01,89.8300018310547
2021-06-02,89.9000015258789
2021-06-03,90.5
2021-06-04,90.1399993896484
2021-06-06,
2021-06-07,89.9499969482422
2021-06-08,90.0800018310547
2021-06-09,90.120002746582
2021-06-10,90.0800018310547
2021-06-11,90.5599975585938
2021-06-13,
2021-06-14,90.5199966430664
2021-06-15,90.5400009155274
2021-06-16,91.129997253418
2021-06-17,91.8899993896484
2021-06-18,92.2300033569336
2021-06-20,
2021-06-21,91.8600006103516
2021-06-22,91.7300033569336
2021-06-23,91.8000030517578
2021-06-24,91.8199996948242
2021-06-25,91.8099975585938
2021-06-27,
2021-06-28,91.879997253418
2021-06-29,92.0500030517578
2021-06-30,92.4400024414063
2021-07-01,92.5999984741211
2021-07-02,92.2300033569336
2021-07-04,
2021-07-06,92.5500030517578
2021-07-07,92.6399993896484
2021-07-08,92.3600006103516
2021-07-09,92.129997253418
2021-07-11,
2021-07-12,92.2300033569336
2021-07-13,92.75
2021-07-14,92.4100036621094
2021-07-15,92.620002746582
2021-07-16,92.6900024414063
2021-07-18,
2021-07-19,92.8899993896484
2021-07-20,92.9700012207031
2021-07-21,92.75
2021-07-22,92.8199996948242
2021-07-23,92.9100036621094
2021-07-25,
2021-07-26,92.6500015258789
2021-07-27,92.4300003051758
2021-07-28,92.3199996948242
2021-07-29,91.8600006103516
2021-07-30,92.1699981689453
2021-08-01,
2021-08-02,92.0500030517578
2021-08-03,92.0800018310547
2021-08-04,92.2699966430664
2021-08-05,92.2399978637695
2021-08-06,92.8000030517578
2021-08-08,
2021-08-09,92.9499969482422
2021-08-10,93.0599975585938
2021-08-11,92.9100036621094
2021-08-12,93.0400009155274
2021-08-13,92.5199966430664
2021-08-15,
2021-08-16,92.629997253418
2021-08-17,93.129997253418
2021-08-18,93.1399993896484
2021-08-19,93.5699996948242
2021-08-20,93.5
2021-08-22,
2021-08-23,92.9599990844727
2021-08-24,92.8899993896484
2021-08-25,92.8300018310547
2021-08-26,93.0599975585938
2021-08-27,92.6900024414063
2021-08-29,
2021-08-30,92.6500015258789
2021-08-31,92.629997253418
2021-09-01,92.4499969482422
2021-09-02,92.2300033569336
2021-09-03,92.0400009155273
2021-09-05,
2021-09-07,92.5199966430664
2021-09-08,92.6500015258789
2021-09-09,92.4800033569336
2021-09-10,92.5800018310547
2021-09-12,
2021-09-13,92.620002746582
2021-09-14,92.6500015258789
2021-09-15,92.4899978637695
2021-09-16,92.8600006103516
2021-09-17,93.1999969482422
2021-09-19,
2021-09-20,93.2399978637695
2021-09-21,93.1999969482422
2021-09-22,93.4599990844727
2021-09-23,93.0999984741211
2021-09-24,93.3300018310547
2021-09-26,
2021-09-27,93.379997253418
2021-09-28,93.7699966430664
2021-09-29,94.3399963378906
2021-09-30,94.25
2021-10-01,94.0400009155274
2021-10-03,
2021-10-04,93.8099975585938
2021-10-05,93.9800033569336
2021-10-06,94.2699966430664
2021-10-07,94.2200012207031
2021-10-08,94.0699996948242
2021-10-10,
2021-10-11,94.3199996948242
2021-10-12,94.5199966430664
2021-10-13,94.0800018310547
2021-10-14,93.9599990844727
2021-10-15,93.9400024414063
2021-10-17,
2021-10-18,93.9499969482422
2021-10-19,93.7900009155273
2021-10-20,93.5599975585938
2021-10-21,93.7699966430664
2021-10-22,93.6100006103516
2021-10-24,
2021-10-25,93.8099975585938
2021-10-26,93.9499969482422
2021-10-27,93.8600006103516
2021-10-28,93.3499984741211
2021-10-29,94.120002746582
2021-10-31,
2021-11-01,93.879997253418
2021-11-02,94.0899963378906
2021-11-03,93.8600006103516
2021-11-04,94.3499984741211
2021-11-05,94.3199996948242
2021-11-07,
2021-11-08,94.0500030517578
2021-11-09,93.9599990844727
2021-11-10,94.8499984741211
2021-11-11,95.1800003051758
2021-11-12,95.129997253418
2021-11-14,
2021-11-15,95.4100036621094
2021-11-16,95.9199981689453
2021-11-17,95.8300018310547
2021-11-18,95.5400009155274
2021-11-19,96.0699996948242
2021-11-21,
2021-11-22,96.5
2021-11-23,96.4899978637695
2021-11-24,96.8399963378906
2021-11-26,96.0899963378906
2021-11-28,
2021-11-29,96.3399963378906
2021-11-30,95.9899978637695
2021-12-01,96.0500030517578
2021-12-02,96.129997253418
2021-12-03,96.120002746582
2021-12-05,
2021-12-06,96.2900009155273
2021-12-07,96.370002746582
2021-12-08,95.8899993896484
2021-12-09,96.2699966430664
2021-12-10,96.0500030517578
2021-12-12,
2021-12-13,96.3199996948242
2021-12-14,96.5699996948242
2021-12-15,96.5100021362305
2021-12-16,96.0400009155273
2021-12-17,96.5699996948242
2021-12-19,
2021-12-20,96.5500030517578
2021-12-21,96.4899978637695
2021-12-22,96.0800018310547
2021-12-23,96.0199966430664
2021-12-26,
2021-12-27,96.0899963378906
2021-12-28,96.1999969482422
2021-12-29,95.9300003051758
2021-12-30,95.9700012207031
2021-12-31,95.6699981689453
2022-01-02,
2022-01-03,96.2399978637695
2022-01-04,96.2900009155273
2022-01-05,96.1900024414063
2022-01-06,96.25
2022-01-07,95.7399978637695
2022-01-09,
2022-01-10,95.9899978637695
2022-01-11,95.620002746582
2022-01-12,95
2022-01-13,94.7900009155273
2022-01-14,95.1699981689453
2022-01-16,
2022-01-18,95.7300033569336
2022-01-19,95.5100021362305
2022-01-20,95.7399978637695
2022-01-21,95.6399993896484
2022-01-23,
2022-01-24,95.9199981689453
2022-01-25,95.9499969482422
2022-01-26,96.4899978637695
2022-01-27,97.2600021362305
2022-01-28,97.2699966430664
2022-01-30,
2022-01-31,96.5400009155274
2022-02-01,96.3899993896484
2022-02-02,95.9400024414063
2022-02-03,95.379997253418
2022-02-04,95.4800033569336
2022-02-06,
2022-02-07,95.4000015258789
2022-02-08,95.6399993896484
2022-02-09,95.4899978637695
2022-02-10,95.5500030517578
2022-02-11,96.0800018310547
2022-02-13,
2022-02-14,96.370002746582
2022-02-15,95.9899978637695
2022-02-16,95.6999969482422
2022-02-17,95.8000030517578
2022-02-18,96.0400009155273
2022-02-20,
2022-02-22,96.0299987792969
2022-02-23,96.1900024414063
2022-02-24,97.1399993896484
2022-02-25,96.620002746582
2022-02-27,
2022-02-28,96.7099990844727
2022-03-01,97.4100036621094
2022-03-02,97.3899993896485
2022-03-03,97.7900009155274
2022-03-04,98.6500015258789
2022-03-06,
2022-03-07,99.2900009155274
2022-03-08,99.0599975585938
2022-03-09,97.9700012207031
2022-03-10,98.5100021362305
2022-03-11,99.120002746582
2022-03-13,
2022-03-14,99.0599975585938
2022-03-15,99.0699996948242
2022-03-16,98.379997253418
2022-03-17,98.0100021362305
2022-03-18,98.2300033569336
2022-03-20,
2022-03-21,98.5
2022-03-22,98.4899978637695
2022-03-23,98.620002746582
2022-03-24,98.7900009155273
2022-03-25,98.8099975585938
2022-03-27,
2022-03-28,99.0899963378906
2022-03-29,98.4000015258789
2022-03-30,97.7900009155274
2022-03-31,98.3099975585938
2022-04-01,98.629997253418
2022-04-03,
2022-04-04,98.9899978637695
2022-04-05,99.4700012207031
2022-04-06,99.5999984741211
2022-04-07,99.75
2022-04-08,99.8000030517578
2022-04-10,
2022-04-11,99.9300003051758
2022-04-12,100.290000915527
2022-04-13,99.879997253418
2022-04-14,100.319999694824
2022-04-17,
2022-04-18,100.779998779297
2022-04-19,100.959999084473
2022-04-20,100.389999389648
2022-04-21,100.580001831055
2022-04-22,101.220001220703
2022-04-24,
2022-04-25,101.75
2022-04-26,102.300003051758
2022-04-27,102.949996948242
2022-04-28,103.620002746582
2022-04-29,102.959999084473
2022-05-01,
2022-05-02,103.73999786377
2022-05-03,103.470001220703
2022-05-04,102.589996337891
2022-05-05,103.75
2022-05-06,103.660003662109
2022-05-08,
2022-05-09,103.650001525879
2022-05-10,103.919998168945
2022-05-11,103.849998474121
2022-05-12,104.849998474121
2022-05-13,104.559997558594
2022-05-15,
2022-05-16,104.190002441406
2022-05-17,103.360000610352
2022-05-18,103.809997558594
2022-05-19,102.720001220703
2022-05-20,103.150001525879
2022-05-22,
2022-05-23,102.080001831055
2022-05-24,101.860000610352
2022-05-25,102.059997558594
2022-05-26,101.830001831055
2022-05-27,101.669998168945
2022-05-29,
2022-05-31,101.75
2022-06-01,102.550003051758
2022-06-02,101.769996643066
2022-06-03,102.139999389648
2022-06-05,
2022-06-06,102.440002441406
2022-06-07,102.319999694824
2022-06-08,102.540000915527
2022-06-09,103.220001220703
2022-06-10,104.150001525879
2022-06-12,
2022-06-13,105.080001831055
2022-06-14,105.519996643066
2022-06-15,105.160003662109
2022-06-16,103.629997253418
2022-06-17,104.699996948242
2022-06-19,
2022-06-21,104.440002441406
2022-06-22,104.199996948242
2022-06-23,104.430000305176
2022-06-24,104.190002441406
2022-06-26,
2022-06-27,103.940002441406
2022-06-28,104.51000213623
2022-06-29,105.110000610352
2022-06-30,104.690002441406
2022-07-01,105.139999389648
2022-07-03,
2022-07-05,106.5
2022-07-06,107.099998474121
2022-07-07,107.129997253418
2022-07-08,107.01000213623
2022-07-10,
2022-07-11,108.019996643066
2022-07-12,108.069999694824
2022-07-13,107.959999084473
2022-07-14,108.540000915527
2022-07-15,108.059997558594
2022-07-17,
2022-07-18,107.370002746582
2022-07-19,106.680000305176
2022-07-20,107.080001831055
2022-07-21,106.910003662109
2022-07-22,106.730003356934
2022-07-24,
2022-07-25,106.480003356934
2022-07-26,107.190002441406
2022-07-27,106.449996948242
2022-07-28,106.349998474121
2022-07-29,105.900001525879
2022-07-31,
2022-08-01,105.449996948242
2022-08-02,106.23999786377
2022-08-03,106.51000213623
2022-08-04,105.690002441406
2022-08-05,106.620002746582
2022-08-07,
2022-08-08,106.440002441406
2022-08-09,106.370002746582
2022-08-10,105.199996948242
2022-08-11,105.089996337891
2022-08-12,105.629997253418
2022-08-14,
2022-08-15,106.550003051758
2022-08-16,106.5
2022-08-17,106.569999694824
2022-08-18,107.480003356934
2022-08-19,108.169998168945
2022-08-21,
2022-08-22,109.050003051758
2022-08-23,108.620002746582
2022-08-24,108.680000305176
2022-08-25,108.470001220703
2022-08-26,108.800003051758
2022-08-28,
2022-08-29,108.839996337891
2022-08-30,108.769996643066
2022-08-31,108.699996948242
2022-09-01,109.690002441406
2022-09-02,109.529998779297
2022-09-04,
2022-09-06,110.209999084473
2022-09-07,109.839996337891
2022-09-08,109.709999084473
2022-09-09,109
2022-09-11,
2022-09-12,108.330001831055
2022-09-13,109.819999694824
2022-09-14,109.660003662109
2022-09-15,109.73999786377
2022-09-16,109.76000213623
2022-09-18,
2022-09-19,109.73999786377
2022-09-20,110.220001220703
2022-09-21,110.639999389648
2022-09-22,111.349998474121
2022-09-23,113.190002441406
2022-09-25,
2022-09-26,114.099998474121
2022-09-27,114.110000610352
2022-09-28,112.599998474121
2022-09-29,112.25
2022-09-30,112.120002746582
2022-10-02,
2022-10-03,111.75
2022-10-04,110.069999694824
2022-10-05,111.069999694824
2022-10-06,112.26000213623
2022-10-07,112.800003051758
2022-10-09,
2022-10-10,113.139999389648
2022-10-11,113.220001220703
2022-10-12,113.319999694824
2022-10-13,112.360000610352
2022-10-14,113.309997558594
2022-10-16,
2022-10-17,112.040000915527
2022-10-18,112.129997253418
2022-10-19,112.980003356934
2022-10-20,112.879997253418
2022-10-21,112.01000213623
2022-10-23,
2022-10-24,111.98999786377
2022-10-25,110.949996948242
2022-10-26,109.699996948242
2022-10-27,110.589996337891
2022-10-28,110.669998168945
2022-10-30,
2022-10-31,111.529998779297
2022-11-01,111.480003356934
2022-11-02,111.349998474121
2022-11-03,112.930000305176
2022-11-04,110.879997253418
2022-11-06,
2022-11-07,110.120002746582
2022-11-08,109.620002746582
2022-11-09,110.550003051758
2022-11-10,108.209999084473
2022-11-11,106.290000915527
2022-11-13,
2022-11-14,106.660003662109
2022-11-15,106.400001525879
2022-11-16,106.279998779297
2022-11-17,106.690002441406
2022-11-18,106.930000305176
2022-11-20,
2022-11-21,107.839996337891
2022-11-22,107.220001220703
2022-11-23,106.080001831055
2022-11-25,105.959999084473
2022-11-27,
2022-11-28,106.680000305176
2022-11-29,106.819999694824
2022-11-30,105.949996948242
2022-12-01,104.730003356934
2022-12-02,104.550003051758
2022-12-04,
2022-12-05,105.290000915527
2022-12-06,105.580001831055
2022-12-07,105.099998474121
2022-12-08,104.769996643066
2022-12-09,104.809997558594
2022-12-11,
2022-12-12,105.129997253418
2022-12-13,103.980003356934
2022-12-14,103.769996643066
2022-12-15,104.559997558594
2022-12-16,104.699996948242
2022-12-18,
2022-12-19,104.720001220703
2022-12-20,103.970001220703
2022-12-21,104.160003662109
2022-12-22,104.430000305176
2022-12-23,104.309997558594
2022-12-25,
2022-12-27,104.180000305176
2022-12-28,104.459999084473
2022-12-29,103.839996337891
2022-12-30,103.519996643066
2023-01-01,
2023-01-03,104.519996643066
2023-01-04,104.25
2023-01-05,105.040000915527
2023-01-06,103.879997253418
2023-01-08,
2023-01-09,103
2023-01-10,103.23999786377
2023-01-11,103.190002441406
2023-01-12,102.25
2023-01-13,102.199996948242
2023-01-15,
2023-01-17,102.389999389648
2023-01-18,102.360000610352
2023-01-19,102.059997558594
2023-01-20,102.01000213623
2023-01-22,
2023-01-23,102.139999389648
2023-01-24,101.919998168945
2023-01-25,101.639999389648
2023-01-26,101.839996337891
2023-01-27,101.930000305176
2023-01-29,
2023-01-30,102.279998779297
2023-01-31,102.099998474121
2023-02-01,101.220001220703
2023-02-02,101.75
2023-02-03,102.919998168945
2023-02-05,
2023-02-06,103.620002746582
2023-02-07,103.430000305176
2023-02-08,103.410003662109
2023-02-09,103.220001220703
2023-02-10,103.629997253418
2023-02-12,
2023-02-13,103.349998474121
2023-02-14,103.230003356934
2023-02-15,103.919998168945
2023-02-16,103.860000610352
2023-02-17,103.860000610352
2023-02-19,
2023-02-21,104.180000305176
2023-02-22,104.589996337891
2023-02-23,104.599998474121
2023-02-24,105.209999084473
2023-02-26,
2023-02-27,104.669998168945
2023-02-28,104.870002746582
2023-03-01,104.480003356934
2023-03-02,105.029998779297
2023-03-03,104.519996643066
2023-03-05,
2023-03-06,104.349998474121
2023-03-07,105.620002746582
2023-03-08,105.660003662109
2023-03-09,105.309997558594
2023-03-10,104.580001831055
2023-03-12,
2023-03-13,103.599998474121
2023-03-14,103.599998474121
2023-03-15,104.650001525879
2023-03-16,104.419998168945
2023-03-17,103.709999084473
2023-03-19,
2023-03-20,103.279998779297
2023-03-21,103.26000213623
2023-03-22,102.349998474121
2023-03-23,102.529998779297
2023-03-24,103.120002746582
2023-03-26,
2023-03-27,102.860000610352
2023-03-28,102.430000305176
2023-03-29,102.639999389648
2023-03-30,102.139999389648
2023-03-31,102.51000213623
2023-04-02,
2023-04-03,102.089996337891
2023-04-04,101.589996337891
2023-04-05,101.849998474121
2023-04-06,101.819999694824
2023-04-09,
2023-04-10,102.580001831055
2023-04-11,102.199996948242
2023-04-12,101.5
2023-04-13,101.01000213623
2023-04-14,101.550003051758
2023-04-16,
2023-04-17,102.099998474121
2023-04-18,101.75
2023-04-19,101.970001220703
2023-04-20,101.839996337891
2023-04-21,101.819999694824
2023-04-23,
2023-04-24,101.349998474121
2023-04-25,101.860000610352
2023-04-26,101.470001220703
2023-04-27,101.5
2023-04-28,101.669998168945
2023-04-30,
2023-05-01,102.150001525879
2023-05-02,101.959999084473
2023-05-03,101.339996337891
2023-05-04,101.400001525879
2023-05-05,101.209999084473
2023-05-07,
2023-05-08,101.370002746582
2023-05-09,101.639999389648
2023-05-10,101.480003356934
2023-05-11,102.059997558594
2023-05-12,102.680000305176
2023-05-14,
2023-05-15,102.430000305176
2023-05-16,102.559997558594
2023-05-17,102.879997253418
2023-05-18,103.580001831055
2023-05-19,103.199996948242
2023-05-21,
2023-05-22,103.199996948242
2023-05-23,103.48999786377
2023-05-24,103.889999389648
2023-05-25,104.209999084473
2023-05-26,104.209999084473
2023-05-28,
2023-05-30,104.169998168945
2023-05-31,104.319999694824
2023-06-01,103.559997558594
2023-06-02,104.019996643066
2023-06-04,
2023-06-05,104
2023-06-06,104.129997253418
2023-06-07,104.099998474121
2023-06-08,103.339996337891
2023-06-09,103.559997558594
2023-06-11,
2023-06-12,103.629997253418
2023-06-13,103.339996337891
2023-06-14,103.01000213623
2023-06-15,102.120002746582
2023-06-16,102.300003051758
2023-06-18,
2023-06-20,102.540000915527
2023-06-21,102.069999694824
2023-06-22,102.389999389648
2023-06-23,102.900001525879
2023-06-25,
2023-06-26,102.690002441406
2023-06-27,102.48999786377
2023-06-28,102.910003662109
2023-06-29,103.339996337891
2023-06-30,102.910003662109
2023-07-02,
2023-07-03,102.98999786377
2023-07-05,103.370002746582
2023-07-06,103.169998168945
2023-07-07,102.269996643066
2023-07-09,
2023-07-10,101.970001220703
2023-07-11,101.730003356934
2023-07-12,100.519996643066
2023-07-13,99.7699966430664
2023-07-14,99.9100036621094
2023-07-16,
2023-07-17,99.8399963378906
2023-07-18,99.9400024414063
2023-07-19,100.279998779297
2023-07-20,100.879997253418
2023-07-21,101.069999694824
2023-07-23,
2023-07-24,101.349998474121
2023-07-25,101.349998474121
2023-07-26,100.889999389648
2023-07-27,101.769996643066
2023-07-28,101.620002746582
2023-07-30,
2023-07-31,101.860000610352
2023-08-01,102.300003051758
2023-08-02,102.589996337891
2023-08-03,102.540000915527
2023-08-04,102.019996643066
2023-08-06,
2023-08-07,102.050003051758
2023-08-08,102.529998779297
2023-08-09,102.48999786377
2023-08-10,102.519996643066
2023-08-11,102.839996337891
2023-08-13,
2023-08-14,103.190002441406
2023-08-15,103.209999084473
2023-08-16,103.419998168945
2023-08-17,103.440002441406
2023-08-18,103.379997253418
2023-08-20,
2023-08-21,103.330001831055
2023-08-22,103.559997558594
2023-08-23,103.360000610352
2023-08-24,103.980003356934
2023-08-25,104.080001831055
2023-08-27,
2023-08-28,104.059997558594
2023-08-29,103.550003051758
2023-08-30,103.160003662109
2023-08-31,103.620002746582
2023-09-01,104.23999786377
2023-09-03,
2023-09-05,104.809997558594
2023-09-06,104.860000610352
2023-09-07,105.059997558594
2023-09-08,105.089996337891
2023-09-10,
2023-09-11,104.569999694824
2023-09-12,104.709999084473
2023-09-13,104.769996643066
2023-09-14,105.410003662109
2023-09-15,105.319999694824
2023-09-17,
2023-09-18,105.199996948242
2023-09-19,105.199996948242
2023-09-20,105.160003662109
2023-09-21,105.360000610352
2023-09-22,105.580001831055
2023-09-24,
2023-09-25,106
2023-09-26,106.230003356934
2023-09-27,106.669998168945
2023-09-28,106.220001220703
2023-09-29,106.169998168945
2023-10-01,
2023-10-02,106.900001525879
2023-10-03,107
2023-10-04,106.800003051758
2023-10-05,106.330001831055
2023-10-06,106.040000915527
2023-10-08,
2023-10-09,106.080001831055
2023-10-10,105.830001831055
2023-10-11,105.819999694824
2023-10-12,106.569999694824
2023-10-13,106.650001525879
2023-10-15,
2023-10-16,106.23999786377
2023-10-17,106.25
2023-10-18,106.569999694824
2023-10-19,106.25
2023-10-20,106.160003662109
2023-10-22,
2023-10-23,105.540000915527
2023-10-24,106.269996643066
2023-10-25,106.529998779297
2023-10-26,106.599998474121
2023-10-27,106.559997558594
2023-10-29,
2023-10-30,106.120002746582
2023-10-31,106.660003662109
2023-11-01,106.879997253418
2023-11-02,106.120002746582
2023-11-03,105.019996643066
2023-11-05,
2023-11-06,105.220001220703
2023-11-07,105.540000915527
2023-11-08,105.589996337891
2023-11-09,105.910003662109
2023-11-10,105.860000610352
2023-11-12,
2023-11-13,105.660003662109
2023-11-14,104.110000610352
2023-11-15,104.389999389648
2023-11-16,104.370002746582
2023-11-17,103.819999694824
2023-11-19,
2023-11-20,103.470001220703
2023-11-21,103.589996337891
2023-11-22,103.919998168945
2023-11-23,
2023-11-24,103.400001525879
2023-11-26,
2023-11-27,103.199996948242
2023-11-28,102.75
2023-11-29,102.769996643066
2023-11-30,103.5
2023-12-01,103.269996643066
2023-12-03,
2023-12-04,103.639999389648
2023-12-05,104.050003051758
2023-12-06,104.150001525879
2023-12-07,103.540000915527
2023-12-08,104.01000213623
2023-12-10,
2023-12-11,104.099998474121
2023-12-12,103.870002746582
2023-12-13,102.870002746582
2023-12-14,101.959999084473
2023-12-15,102.550003051758
2023-12-17,
2023-12-18,102.51000213623
2023-12-19,102.169998168945
2023-12-20,102.410003662109
2023-12-21,101.839996337891
2023-12-22,101.699996948242
2023-12-24,
2023-12-26,101.470001220703
2023-12-27,100.98999786377
2023-12-28,101.230003356934
2023-12-29,101.330001831055
2023-12-31,
2024-01-02,102.199996948242
2024-01-03,102.459999084473
2024-01-04,102.419998168945
2024-01-05,102.410003662109
2024-01-07,
2024-01-08,102.209999084473
2024-01-09,102.569999694824
2024-01-10,102.360000610352
2024-01-11,102.290000915527
2024-01-12,102.400001525879
2024-01-14,
2024-01-16,103.360000610352
2024-01-17,103.449996948242
2024-01-18,103.540000915527
2024-01-19,103.290000915527
2024-01-21,
2024-01-22,103.330001831055
2024-01-23,103.620002746582
2024-01-24,103.23999786377
2024-01-25,103.569999694824
2024-01-26,103.470001220703
2024-01-28,
2024-01-29,103.610000610352
2024-01-30,103.400001525879
2024-01-31,103.269996643066
2024-02-01,103.050003051758
2024-02-02,103.919998168945
2024-02-04,
2024-02-05,104.449996948242
2024-02-06,104.180000305176
2024-02-07,104.040000915527
2024-02-08,104.150001525879
2024-02-09,104.080001831055
2024-02-11,
2024-02-12,104.169998168945
2024-02-13,104.959999084473
2024-02-14,104.720001220703
2024-02-15,104.300003051758
2024-02-16,104.279998779297
2024-02-18,
2024-02-20,104.080001831055
2024-02-21,104.01000213623
2024-02-22,103.959999084473
2024-02-23,103.940002441406
2024-02-25,
2024-02-26,103.830001831055
2024-02-27,103.830001831055
2024-02-28,103.980003356934
2024-02-29,104.160003662109
2024-03-01,103.860000610352
2024-03-03,
2024-03-04,103.830001831055
2024-03-05,103.800003051758
2024-03-06,103.370002746582
2024-03-07,102.819999694824
2024-03-08,102.73999786377
2024-03-10,
2024-03-11,102.870002746582
2024-03-12,102.959999084473
2024-03-13,102.790000915527
2024-03-14,103.360000610352
2024-03-15,103.430000305176
2024-03-17,
2024-03-18,103.580001831055
2024-03-19,103.809997558594
2024-03-20,103.410003662109
2024-03-21,104
2024-03-22,104.430000305176
2024-03-24,
2024-03-25,104.230003356934
2024-03-26,104.290000915527
2024-03-27,104.349998474121
2024-03-28,104.550003051758
2024-03-31,
2024-04-01,105.019996643066
2024-04-02,104.819999694824
2024-04-03,104.25
2024-04-04,104.120002746582
2024-04-05,104.300003051758
2024-04-07,
2024-04-08,104.139999389648
2024-04-09,104.150001525879
2024-04-10,105.25
2024-04-11,105.279998779297
2024-04-12,106.040000915527
2024-04-14,
2024-04-15,106.209999084473
2024-04-16,106.26000213623
2024-04-17,105.949996948242
2024-04-18,106.150001525879
2024-04-19,106.150001525879
2024-04-21,
2024-04-22,106.080001831055
2024-04-23,105.690002441406
2024-04-24,105.860000610352
2024-04-25,105.599998474121
2024-04-26,105.940002441406
2024-04-28,
2024-04-29,105.580001831055
2024-04-30,106.220001220703
2024-05-01,105.76000213623
2024-05-02,105.300003051758
2024-05-03,105.029998779297
2024-05-05,
2024-05-06,105.050003051758
2024-05-07,105.410003662109
2024-05-08,105.550003051758
2024-05-09,105.230003356934
2024-05-10,105.309997558594
2024-05-12,
2024-05-13,105.220001220703
2024-05-14,105.01000213623
2024-05-15,104.349998474121
2024-05-16,104.459999084473
2024-05-17,104.449996948242
2024-05-19,
2024-05-20,104.569999694824
2024-05-21,104.660003662109
2024-05-22,104.940002441406
2024-05-23,105.110000610352
2024-05-24,104.720001220703
2024-05-26,
2024-05-28,104.610000610352
2024-05-29,105.099998474121
2024-05-30,104.720001220703
2024-05-31,104.669998168945
2024-06-02,
2024-06-03,104.139999389648
2024-06-04,104.110000610352
2024-06-05,104.269996643066
2024-06-06,104.099998474121
2024-06-07,104.889999389648
2024-06-09,
2024-06-10,105.150001525879
2024-06-11,105.230003356934
2024-06-12,104.650001525879
2024-06-13,105.199996948242
2024-06-14,105.550003051758
2024-06-16,
2024-06-17,105.319999694824
2024-06-18,105.26000213623
2024-06-20,105.589996337891
2024-06-21,105.800003051758
2024-06-23,
2024-06-24,105.470001220703
2024-06-25,105.610000610352
2024-06-26,106.050003051758
2024-06-27,105.910003662109
2024-06-28,105.870002746582
2024-06-30,
2024-07-01,105.900001525879
2024-07-02,105.720001220703
2024-07-03,105.400001525879
2024-07-05,104.879997253418
2024-07-07,
2024-07-08,105.01000213623
2024-07-09,105.120002746582
2024-07-10,105.050003051758
2024-07-11,104.440002441406
2024-07-12,104.089996337891
2024-07-14,
2024-07-15,104.190002441406
2024-07-16,104.269996643066
2024-07-17,103.75
2024-07-18,104.169998168945
2024-07-19,104.400001525879
2024-07-21,
2024-07-22,104.309997558594
2024-07-23,104.449996948242
2024-07-24,104.389999389648
2024-07-25,104.360000610352
2024-07-26,104.319999694824
2024-07-28,
2024-07-29,104.559997558594
2024-07-30,104.550003051758
2024-07-31,104.099998474121
2024-08-01,104.419998168945
2024-08-02,103.209999084473
2024-08-04,
2024-08-05,102.690002441406
2024-08-06,102.970001220703
2024-08-07,103.199996948242
2024-08-08,103.209999084473
2024-08-09,103.139999389648
2024-08-11,
2024-08-12,103.139999389648
2024-08-13,102.559997558594
2024-08-14,102.569999694824
2024-08-15,102.980003356934
2024-08-16,102.459999084473
2024-08-18,
2024-08-19,101.889999389648
2024-08-20,101.440002441406
2024-08-21,101.040000915527
2024-08-22,101.51000213623
2024-08-23,100.720001220703
2024-08-25,
2024-08-26,100.849998474121
2024-08-27,100.550003051758
2024-08-28,101.089996337891
2024-08-29,101.339996337891
2024-08-30,101.699996948242
2024-09-01,
2024-09-03,101.830001831055
2024-09-04,101.360000610352
2024-09-05,101.110000610352
2024-09-06,101.180000305176
2024-09-08,
2024-09-09,101.550003051758
2024-09-10,101.629997253418
2024-09-11,101.680000305176
2024-09-12,101.370002746582
2024-09-13,101.110000610352
2024-09-15,
2024-09-16,100.76000213623
2024-09-17,100.889999389648
2024-09-18,100.599998474121
2024-09-19,100.610000610352
2024-09-20,100.720001220703
2024-09-22,
2024-09-23,100.919998168945
2024-09-24,100.370002746582
2024-09-25,100.919998168945
2024-09-26,100.559997558594
2024-09-27,100.419998168945
2024-09-29,
2024-09-30,100.779998779297
2024-10-01,101.190002441406
2024-10-02,101.680000305176
2024-10-03,101.98999786377
2024-10-04,102.519996643066
2024-10-06,
2024-10-07,102.540000915527
2024-10-08,102.550003051758
2024-10-09,102.930000305176
2024-10-10,102.98999786377
2024-10-11,102.889999389648
2024-10-13,
2024-10-14,103.300003051758
2024-10-15,103.26000213623
2024-10-16,103.589996337891
2024-10-17,103.830001831055
2024-10-18,103.48999786377
2024-10-20,
2024-10-21,104.01000213623
2024-10-22,104.080001831055
2024-10-23,104.430000305176
2024-10-24,104.059997558594
2024-10-25,104.26000213623
2024-10-27,
2024-10-28,104.319999694824
2024-10-29,104.279998779297
2024-10-30,103.98999786377
2024-10-31,103.980003356934
2024-11-01,104.279998779297
2024-11-03,
2024-11-04,103.889999389648
2024-11-05,103.419998168945
2024-11-06,105.089996337891
2024-11-07,104.51000213623
2024-11-08,105
2024-11-10,
2024-11-11,105.540000915527
2024-11-12,106.019996643066
2024-11-13,106.480003356934
2024-11-14,106.669998168945
2024-11-15,106.690002441406
2024-11-17,
2024-11-18,106.279998779297
2024-11-19,106.209999084473
2024-11-20,106.680000305176
2024-11-21,106.970001220703
2024-11-22,107.48999786377
2024-11-24,
2024-11-25,106.819999694824
2024-11-26,107.01000213623
2024-11-27,106.080001831055
2024-11-29,105.73999786377
2024-12-01,
2024-12-02,106.449996948242
2024-12-03,106.370002746582
2024-12-04,106.339996337891
2024-12-05,105.709999084473
2024-12-06,105.970001220703
2024-12-08,
2024-12-09,106.150001525879
2024-12-10,106.400001525879
2024-12-11,106.709999084473
2024-12-12,106.959999084473
2024-12-13,107
2024-12-15,
2024-12-16,106.860000610352
2024-12-17,106.959999084473
2024-12-18,108.029998779297
2024-12-19,108.410003662109
2024-12-20,107.620002746582
2024-12-22,
2024-12-23,108.040000915527
2024-12-24,108.26000213623
2024-12-26,108.129997253418
2024-12-27,108
2024-12-29,
2024-12-30,108.129997253418
2024-12-31,108.48999786377
2025-01-02,109.389999389648
2025-01-03,108.949996948242
2025-01-05,
2025-01-06,108.26000213623
2025-01-07,108.540000915527
2025-01-08,109.089996337891
2025-01-09,109.180000305176
2025-01-10,109.650001525879
2025-01-12,
2025-01-13,109.959999084473
2025-01-14,109.269996643066
2025-01-15,109.089996337891
2025-01-16,108.959999084473
2025-01-17,109.349998474121
2025-01-19,
2025-01-21,108.059997558594
2025-01-22,108.169998168945
2025-01-23,108.050003051758
2025-01-24,107.440002441406
2025-01-26,
2025-01-27,107.339996337891
2025-01-28,107.870002746582
2025-01-29,108
2025-01-30,107.800003051758
2025-01-31,108.370002746582
2025-02-02,
2025-02-03,108.98999786377
2025-02-04,107.959999084473
2025-02-05,107.580001831055
2025-02-06,107.690002441406
2025-02-07,108.040000915527
2025-02-09,
2025-02-10,108.319999694824
2025-02-11,107.959999084473
2025-02-12,107.940002441406
2025-02-13,107.309997558594
2025-02-14,106.569999694824
2025-02-16,
2025-02-18,107.050003051758
2025-02-19,107.169998168945
2025-02-20,106.339996337891
2025-02-21,106.610000610352
2025-02-23,
2025-02-24,106.599998474121
2025-02-25,106.309997558594
2025-02-26,106.419998168945
2025-02-27,107.23999786377
2025-02-28,107.610000610352
2025-03-02,
2025-03-03,106.75
2025-03-04,105.73999786377
2025-03-05,105.73999786377
2025-03-06,104.059997558594
2025-03-07,103.839996337891
2025-03-09,
2025-03-10,103.910003662109
2025-03-11,103.440002441406
2025-03-12,103.610000610352
2025-03-13,103.830001831055
2025-03-14,103.720001220703
2025-03-16,
2025-03-17,103.370002746582
2025-03-18,103.23999786377
2025-03-19,103.430000305176
2025-03-20,103.849998474121
2025-03-21,104.089996337891
2025-03-23,
2025-03-24,104.26000213623
2025-03-25,104.180000305176
2025-03-26,104.550003051758
2025-03-27,104.069999694824
2025-03-28,104.040000915527
2025-03-30,
2025-03-31,104.209999084473
2025-04-01,104.26000213623
2025-04-02,103.809997558594
2025-04-03,102.069999694824
2025-04-04,103.019996643066
2025-04-06,
2025-04-07,103.26000213623
2025-04-08,102.959999084473
2025-04-09,102.900001525879
2025-04-10,100.870002746582
2025-04-11,99.7799987792969
2025-04-13,
2025-04-14,99.6399993896484
2025-04-15,100.220001220703
2025-04-16,99.379997253418
2025-04-17,99.379997253418
2025-04-20,
2025-04-21,98.2799987792969
2025-04-22,98.9199981689453
2025-04-23,99.8399963378906
2025-04-24,99.2900009155274
2025-04-25,99.4700012207031
2025-04-27,
2025-04-28,99.0100021362305
2025-04-29,99.2399978637695
2025-04-30,99.4700012207031
2025-05-01,100.25
2025-05-02,100
2025-05-04,
2025-05-05,99.8300018310547
2025-05-06,99.2399978637695
2025-05-07,99.6100006103516
2025-05-08,100.639999389648
2025-05-09,100.339996337891
2025-05-11,
2025-05-12,101.790000915527
2025-05-13,101
2025-05-14,101.040000915527
2025-05-15,100.879997253418
2025-05-16,101.089996337891
2025-05-18,
2025-05-19,100.430000305176
2025-05-20,100.120002746582
2025-05-21,99.5599975585938
2025-05-22,99.9599990844727
2025-05-23,99.1100006103516
2025-05-25,
2025-05-26,98.9300003051758
2025-05-27,99.5199966430664
2025-05-28,99.879997253418
2025-05-29,99.2799987792969
2025-05-30,99.3300018310547
2025-06-01,
2025-06-02,98.6999969482422
2025-06-03,99.25
2025-06-04,98.7900009155273
2025-06-05,98.7399978637695
2025-06-06,99.1900024414063
2025-06-08,
2025-06-09,98.9400024414063
2025-06-10,99.0500030517578
2025-06-11,98.629997253418
2025-06-12,97.9199981689453
2025-06-13,98.1800003051758
2025-06-15,
2025-06-16,98
2025-06-17,98.8199996948242
2025-06-18,98.9100036621094
2025-06-19,
2025-06-20,98.7099990844727
2025-06-22,
2025-06-23,98.4199981689453
2025-06-24,97.8600006103516
2025-06-25,97.6800003051758
2025-06-26,97.1500015258789
2025-06-27,97.4000015258789
2025-06-29,
2025-06-30,96.879997253418
2025-07-01,96.8199996948242
2025-07-02,96.7799987792969
2025-07-03,97.1800003051758
2025-07-04,
2025-07-06,
2025-07-07,97.4800033569336
2025-07-08,97.5100021362305
2025-07-09,97.4700012207031
2025-07-10,97.6500015258789
2025-07-11,97.8499984741211
2025-07-13,
2025-07-14,98.0800018310547
2025-07-15,98.620002746582
2025-07-16,98.3899993896484
2025-07-17,98.7300033569336
2025-07-18,98.4800033569336
2025-07-20,
2025-07-21,97.8499984741211
2025-07-22,97.3899993896485
2025-07-23,97.2099990844727
2025-07-24,97.379997253418
2025-07-25,97.6500015258789
2025-07-27,
2025-07-28,98.6600036621094
2025-07-29,98.9100036621094
2025-07-30,99.9400024414063
2025-07-31,100.029998779297
2025-08-01,98.6900024414063
2025-08-03,
2025-08-04,98.7799987792969
2025-08-05,98.7799987792969
2025-08-06,98.1800003051758
2025-08-07,98.4000015258789
2025-08-08,98.1800003051758
2025-08-10,
2025-08-11,98.5199966430664
2025-08-12,98.0999984741211
2025-08-13,97.8399963378906
2025-08-14,98.25
2025-08-15,97.8499984741211
2025-08-17,
2025-08-18,98.1699981689453
2025-08-19,98.2699966430664
2025-08-20,98.2200012207031
2025-08-21,98.620002746582
2025-08-22,97.7200012207031
2025-08-24,
2025-08-25,98.4300003051758
2025-08-26,98.2300033569336
2025-08-27,98.2300033569336
2025-08-28,97.8099975585938
2025-08-29,97.7699966430664
2025-08-31,
2025-09-02,98.4000015258789
2025-09-03,98.1399993896484
2025-09-04,98.3499984741211
2025-09-05,97.7699966430664
2025-09-07,
2025-09-08,97.4499969482422
2025-09-09,97.7900009155274
2025-09-10,97.7799987792969
2025-09-11,97.5400009155273
2025-09-12,97.5500030517578
2025-09-14,
2025-09-15,97.3000030517578
2025-09-16,96.629997253418
2025-09-17,96.870002746582
2025-09-18,97.3499984741211
2025-09-19,97.6399993896484
2025-09-21,
2025-09-22,97.3300018310547
2025-09-23,97.2600021362305
2025-09-24,97.870002746582
2025-09-25,98.5500030517578
2025-09-26,98.1500015258789
2025-09-28,
2025-09-29,97.9100036621094
2025-09-30,97.7699966430664
2025-10-01,97.7099990844727
2025-10-02,97.8499984741211
2025-10-03,97.7200012207031
2025-10-05,
2025-10-06,98.1100006103516
2025-10-07,98.5800018310547
2025-10-08,98.8499984741211
2025-10-09,99.5400009155274
2025-10-10,98.9800033569336
2025-10-12,
2025-10-13,99.2699966430664
2025-10-14,99.0500030517578
2025-10-15,98.7900009155273
2025-10-16,98.3899993896484
2025-10-17,98.4300003051758
2025-10-19,
2025-10-20,98.5899963378906
2025-10-21,98.9300003051758
2025-10-22,98.9000015258789
2025-10-23,98.9400024414063
2025-10-24,98.9499969482422
2025-10-26,
2025-10-27,98.7799987792969
2025-10-28,98.6900024414063
2025-10-29,99.2200012207031
2025-10-30,99.5299987792969
2025-10-31,99.8000030517578
2025-11-02,
2025-11-03,99.870002746582
2025-11-04,100.220001220703
2025-11-05,100.199996948242
2025-11-06,99.7300033569336
2025-11-07,99.5999984741211
2025-11-09,
2025-11-10,99.620002746582
2025-11-11,99.4599990844727
2025-11-12,99.4800033569336
2025-11-13,99.1800003051758
2025-11-14,99.2699966430664
2025-11-16,
2025-11-17,99.5899963378906
2025-11-18,99.5500030517578
2025-11-19,100.230003356934
2025-11-20,100.160003662109
2025-11-21,100.180000305176
2025-11-23,
2025-11-24,100.139999389648
2025-11-25,99.6600036621094
2025-11-26,99.5999984741211
2025-11-28,99.4599990844727
2025-11-30,
2025-12-01,99.4100036621094
2025-12-02,99.3600006103516
2025-12-03,98.8499984741211
2025-12-04,98.9899978637695
2025-12-05,98.9899978637695
2025-12-07,
2025-12-08,99.0899963378906
2025-12-09,99.2200012207031
2025-12-10,98.7900009155273
2025-12-11,98.3499984741211
2025-12-12,98.4000015258789
2025-12-14,
2025-12-15,98.1500015258789
2025-12-16,98.1500015258789
2025-12-17,98.370002746582
2025-12-18,98.4300003051758
2025-12-19,98.5999984741211
2025-12-21,
2025-12-22,98.2900009155274
2025-12-23,97.9400024414063
2025-12-24,97.9800033569336
2025-12-26,98.0199966430664
2025-12-28,
2025-12-29,98.0400009155274
2025-12-30,98.2399978637695
2025-12-31,98.2799987792969
2026-01-02,98.4199981689453
2026-01-04,
2026-01-05,98.2699966430664
2026-01-06,98.5800018310547
2026-01-07,98.6800003051758
2026-01-08,98.9300003051758
2026-01-09,99.129997253418
2026-01-11,
2026-01-12,98.8600006103516
2026-01-13,99.129997253418
2026-01-14,99.129997253418
2026-01-15,99.3199996948242
2026-01-16,99.3899993896484
2026-01-18,
2026-01-20,98.6399993896485
2026-01-21,98.7600021362305
2026-01-22,98.3600006103516
2026-01-23,97.5999984741211
2026-01-25,
2026-01-26,97.0400009155274
2026-01-27,96.2200012207031
2026-01-28,96.4499969482422
2026-01-29,96.2799987792969
2026-01-30,96.9899978637695
2026-02-01,
2026-02-02,97.6100006103516
2026-02-03,97.4400024414063
2026-02-04,97.620002746582
2026-02-05,97.8199996948242
2026-02-06,97.629997253418
2026-02-08,
2026-02-09,96.8199996948242
2026-02-10,96.8000030517578
2026-02-11,96.8300018310547
2026-02-12,96.9300003051758
