date,funding_mean,funding_abs
2019-09-10,1e-04,1e-04
2019-09-11,1e-04,1e-04
2019-09-12,1e-04,1e-04
2019-09-13,1e-04,1e-04
2019-09-14,1e-04,1e-04
2019-09-15,1e-04,1e-04
2019-09-16,1e-04,1e-04
2019-09-17,1e-04,1e-04
2019-09-18,1e-04,1e-04
2019-09-19,1e-04,1e-04
2019-09-20,1e-04,1e-04
2019-09-21,1e-04,1e-04
2019-09-22,1e-04,1e-04
2019-09-23,1e-04,1e-04
2019-09-24,1e-04,1e-04
2019-09-25,1e-04,1e-04
2019-09-26,1e-04,1e-04
2019-09-27,1e-04,1e-04
2019-09-28,1e-04,1e-04
2019-09-29,1e-04,1e-04
2019-09-30,1e-04,1e-04
2019-10-01,1e-04,1e-04
2019-10-02,-0.000108193333333333,0.000241526666666667
2019-10-03,-9.69866666666667e-05,0.000163653333333333
2019-10-04,-3.73333333333332e-07,9.09866666666667e-05
2019-10-05,-0.000165246666666667,0.000165246666666667
2019-10-06,-3.99533333333333e-05,5.80533333333333e-05
2019-10-07,-0.000166426666666667,0.000166426666666667
2019-10-08,1e-04,1e-04
2019-10-09,1e-04,1e-04
2019-10-10,1e-04,1e-04
2019-10-11,1e-04,1e-04
2019-10-12,1e-04,1e-04
2019-10-13,1e-04,1e-04
2019-10-14,1e-04,1e-04
2019-10-15,1e-04,1e-04
2019-10-16,1e-04,1e-04
2019-10-17,1e-04,1e-04
2019-10-18,1e-04,1e-04
2019-10-19,1e-04,1e-04
2019-10-20,1e-04,1e-04
2019-10-21,1e-04,1e-04
2019-10-22,1e-04,1e-04
2019-10-23,1e-04,1e-04
2019-10-24,5.20166666666667e-05,8.13166666666667e-05
2019-10-25,1.76366666666667e-05,0.000115696666666667
2019-10-26,0.000181943333333333,0.000181943333333333
2019-10-27,0.000128536666666667,0.000128536666666667
2019-10-28,0.00054853,0.00054853
2019-10-29,0.000390433333333333,0.000390433333333333
2019-10-30,0.000355453333333333,0.000355453333333333
2019-10-31,0.00030943,0.00030943
2019-11-01,0.00024867,0.00024867
2019-11-02,1e-04,1e-04
2019-11-03,1e-04,1e-04
2019-11-04,0.00010024,0.00010024
2019-11-05,1e-04,1e-04
2019-11-06,0.000112923333333333,0.000112923333333333
2019-11-07,0.000215196666666667,0.000215196666666667
2019-11-08,0.000108333333333333,0.000108333333333333
2019-11-09,1e-04,1e-04
2019-11-10,1e-04,1e-04
2019-11-11,1e-04,1e-04
2019-11-12,1e-04,1e-04
2019-11-13,-6.96333333333333e-06,0.000140296666666667
2019-11-14,1e-04,1e-04
2019-11-15,1e-04,1e-04
2019-11-16,1e-04,1e-04
2019-11-17,1e-04,1e-04
2019-11-18,1e-04,1e-04
2019-11-19,1e-04,1e-04
2019-11-20,1e-04,1e-04
2019-11-21,1e-04,1e-04
2019-11-22,-3.063e-05,0.000140183333333333
2019-11-23,-0.000200026666666667,0.000200026666666667
2019-11-24,3.26133333333333e-05,0.00010072
2019-11-25,-1.37833333333333e-05,8.045e-05
2019-11-26,-0.000304993333333333,0.000304993333333333
2019-11-27,-7.94733333333333e-05,0.00014614
2019-11-28,1e-04,1e-04
2019-11-29,1e-04,1e-04
2019-11-30,6.02466666666667e-05,7.30866666666667e-05
2019-12-01,1e-04,1e-04
2019-12-02,7.24033333333333e-05,7.24033333333333e-05
2019-12-03,3.09833333333333e-05,3.78166666666667e-05
2019-12-04,-7.63333333333333e-06,2.98533333333333e-05
2019-12-05,-1.804e-05,4.706e-05
2019-12-06,6.71533333333333e-05,6.71533333333333e-05
2019-12-07,7.93633333333333e-05,7.93633333333333e-05
2019-12-08,1e-04,1e-04
2019-12-09,1e-04,1e-04
2019-12-10,1e-04,1e-04
2019-12-11,2.79e-05,6.58466666666667e-05
2019-12-12,-1.89333333333333e-05,4e-05
2019-12-13,-9.44333333333333e-05,9.44333333333333e-05
2019-12-14,2.298e-05,5.87e-05
2019-12-15,2.80633333333333e-05,3.99833333333333e-05
2019-12-16,-9.29966666666667e-05,9.29966666666667e-05
2019-12-17,-6.547e-05,6.547e-05
2019-12-18,-0.00017045,0.00017045
2019-12-19,1e-04,1e-04
2019-12-20,2.20233333333333e-05,2.20233333333333e-05
2019-12-21,6.58766666666667e-05,6.74566666666667e-05
2019-12-22,7.19e-05,7.19e-05
2019-12-23,1e-04,1e-04
2019-12-24,1e-04,1e-04
2019-12-25,8.70233333333333e-05,8.70233333333333e-05
2019-12-26,5.71533333333333e-05,7.618e-05
2019-12-27,-3.951e-05,5.68766666666667e-05
2019-12-28,-3.264e-05,4.708e-05
2019-12-29,-7.32566666666667e-05,0.000139923333333333
2019-12-30,-9.85933333333333e-05,9.85933333333333e-05
2019-12-31,-3.839e-05,6.463e-05
2020-01-01,-0.000114686666666667,0.000114686666666667
2020-01-02,4.58866666666667e-05,4.58866666666667e-05
2020-01-03,2.261e-05,4.40566666666667e-05
2020-01-04,5.82366666666667e-05,5.82366666666667e-05
2020-01-05,1e-04,1e-04
2020-01-06,1e-04,1e-04
2020-01-07,1e-04,1e-04
2020-01-08,0.00010838,0.00010838
2020-01-09,1e-04,1e-04
2020-01-10,1e-04,1e-04
2020-01-11,0.000126153333333333,0.000126153333333333
2020-01-12,1e-04,1e-04
2020-01-13,1e-04,1e-04
2020-01-14,0.000153,0.000153
2020-01-15,0.000262963333333333,0.000262963333333333
2020-01-16,0.000275523333333333,0.000275523333333333
2020-01-17,0.000272586666666667,0.000272586666666667
2020-01-18,0.000237543333333333,0.000237543333333333
2020-01-19,0.000506123333333333,0.000506123333333333
2020-01-20,0.00016828,0.00016828
2020-01-21,0.000144073333333333,0.000144073333333333
2020-01-22,0.000137973333333333,0.000137973333333333
2020-01-23,0.000241013333333333,0.000241013333333333
2020-01-24,0.000382636666666667,0.000382636666666667
2020-01-25,1e-04,1e-04
2020-01-26,1e-04,1e-04
2020-01-27,1e-04,1e-04
2020-01-28,0.00044361,0.00044361
2020-01-29,0.00074737,0.00074737
2020-01-30,0.000277763333333333,0.000277763333333333
2020-01-31,0.000568543333333333,0.000568543333333333
2020-02-01,0.000632366666666667,0.000632366666666667
2020-02-02,0.00042901,0.00042901
2020-02-03,0.00035513,0.00035513
2020-02-04,0.000639746666666667,0.000639746666666667
2020-02-05,0.000242103333333333,0.000242103333333333
2020-02-06,0.000993293333333333,0.000993293333333333
2020-02-07,0.000299866666666667,0.000299866666666667
2020-02-08,0.000673626666666667,0.000673626666666667
2020-02-09,0.000794236666666667,0.000794236666666667
2020-02-10,0.00109891,0.00109891
2020-02-11,0.000529686666666667,0.000529686666666667
2020-02-12,0.00170646333333333,0.00170646333333333
2020-02-13,0.0008279,0.0008279
2020-02-14,0.00064575,0.00064575
2020-02-15,0.00081114,0.00081114
2020-02-16,0.00049674,0.00049674
2020-02-17,0.000650716666666667,0.000650716666666667
2020-02-18,0.00023527,0.00023527
2020-02-19,0.0004188,0.0004188
2020-02-20,1e-04,1e-04
2020-02-21,1e-04,1e-04
2020-02-22,0.000107476666666667,0.000107476666666667
2020-02-23,0.000446603333333333,0.000446603333333333
2020-02-24,0.000244536666666667,0.000244536666666667
2020-02-25,0.00035567,0.00035567
2020-02-26,0.0004182,0.0004182
2020-02-27,0.000124543333333333,0.000124543333333333
2020-02-28,0.000150876666666667,0.000150876666666667
2020-02-29,0.00061349,0.00061349
2020-03-01,0.000360943333333333,0.000360943333333333
2020-03-02,0.000129066666666667,0.000129066666666667
2020-03-03,1e-04,1e-04
2020-03-04,0.00014776,0.00014776
2020-03-05,0.000176673333333333,0.000176673333333333
2020-03-06,0.00025946,0.00025946
2020-03-07,0.000347586666666667,0.000347586666666667
2020-03-08,0.000491176666666667,0.000491176666666667
2020-03-09,1e-04,1e-04
2020-03-10,1e-04,1e-04
2020-03-11,0.000142993333333333,0.000142993333333333
2020-03-12,1.80766666666667e-05,0.00011907
2020-03-13,-0.00127150333333333,0.00127150333333333
2020-03-14,-0.000438973333333333,0.000438973333333333
2020-03-15,-0.00050297,0.00050297
2020-03-16,-0.000518376666666667,0.000518376666666667
2020-03-17,-0.000126946666666667,0.000126946666666667
2020-03-18,-0.000278693333333333,0.000278693333333333
2020-03-19,-0.000213783333333333,0.000213783333333333
2020-03-20,-2.21333333333333e-05,8.88e-05
2020-03-21,-1.38166666666667e-05,6.933e-05
2020-03-22,2.46066666666667e-05,4.35533333333333e-05
2020-03-23,-7.697e-05,0.000143636666666667
2020-03-24,1e-04,1e-04
2020-03-25,9.92366666666667e-05,9.92366666666667e-05
2020-03-26,3.32633333333333e-05,4.40633333333333e-05
2020-03-27,4.403e-05,4.403e-05
2020-03-28,-0.000250386666666667,0.000250386666666667
2020-03-29,-0.00026005,0.00026005
2020-03-30,-0.000350363333333333,0.000350363333333333
2020-03-31,-0.000122853333333333,0.000122853333333333
2020-04-01,-0.000309666666666667,0.000309666666666667
2020-04-02,-2.211e-05,0.000106756666666667
2020-04-03,6.37533333333333e-05,6.37533333333333e-05
2020-04-04,1.35633333333333e-05,6.53633333333333e-05
2020-04-05,1.18733333333333e-05,4.184e-05
2020-04-06,-1.81766666666667e-05,3.82966666666667e-05
2020-04-07,-4.889e-05,5.643e-05
2020-04-08,4.638e-05,6.48e-05
2020-04-09,-2.953e-05,9.61966666666667e-05
2020-04-10,4.999e-05,8.33433333333333e-05
2020-04-11,1e-04,1e-04
2020-04-12,9.48433333333333e-05,9.48433333333333e-05
2020-04-13,-5.06633333333333e-05,0.00010369
2020-04-14,-5.27266666666667e-05,8.90866666666667e-05
2020-04-15,-4.836e-05,6.786e-05
2020-04-16,-0.000155513333333333,0.00019794
2020-04-17,8.33333333333333e-06,5.34733333333333e-05
2020-04-18,-0.000133063333333333,0.000133063333333333
2020-04-19,-5.53133333333333e-05,0.000112073333333333
2020-04-20,-2.982e-05,2.982e-05
2020-04-21,-2.23966666666667e-05,8.90633333333333e-05
2020-04-22,-0.00015103,0.00015103
2020-04-23,-9.277e-05,0.000159436666666667
2020-04-24,1e-04,1e-04
2020-04-25,1e-04,1e-04
2020-04-26,9.16433333333333e-05,9.16433333333333e-05
2020-04-27,1e-04,1e-04
2020-04-28,1e-04,1e-04
2020-04-29,1e-04,1e-04
2020-04-30,0.000402416666666667,0.000402416666666667
2020-05-01,0.00017495,0.00017495
2020-05-02,0.00010048,0.00010048
2020-05-03,0.000149906666666667,0.000149906666666667
2020-05-04,0.000106416666666667,0.000106416666666667
2020-05-05,1e-04,1e-04
2020-05-06,0.000186603333333333,0.000186603333333333
2020-05-07,1e-04,1e-04
2020-05-08,0.000344333333333333,0.000344333333333333
2020-05-09,0.000586236666666667,0.000586236666666667
2020-05-10,0.000207753333333333,0.000207753333333333
2020-05-11,1e-04,1e-04
2020-05-12,1e-04,1e-04
2020-05-13,1e-04,1e-04
2020-05-14,1e-04,1e-04
2020-05-15,8.13333333333333e-05,8.13333333333333e-05
2020-05-16,1e-04,1e-04
2020-05-17,4.338e-05,4.338e-05
2020-05-18,4.45333333333333e-05,8.88e-05
2020-05-19,9.29733333333333e-05,9.29733333333333e-05
2020-05-20,1e-04,1e-04
2020-05-21,2.594e-05,8.612e-05
2020-05-22,-2.26333333333333e-06,4.80433333333333e-05
2020-05-23,1.28333333333333e-05,3.39866666666667e-05
2020-05-24,8.21366666666667e-05,8.21366666666667e-05
2020-05-25,-5.76e-06,5.09866666666667e-05
2020-05-26,4.85466666666667e-05,4.878e-05
2020-05-27,-6.40333333333333e-06,8.70966666666667e-05
2020-05-28,-6.47166666666667e-05,6.47166666666667e-05
2020-05-29,1.297e-05,1.69966666666667e-05
2020-05-30,1e-04,1e-04
2020-05-31,1e-04,1e-04
2020-06-01,2.67566666666667e-05,4.61633333333333e-05
2020-06-02,0.0004093,0.0004093
2020-06-03,9.54866666666667e-05,9.54866666666667e-05
2020-06-04,1e-04,1e-04
2020-06-05,1e-04,1e-04
2020-06-06,1e-04,1e-04
2020-06-07,1e-04,1e-04
2020-06-08,1e-04,1e-04
2020-06-09,1e-04,1e-04
2020-06-10,1e-04,1e-04
2020-06-11,1e-04,1e-04
2020-06-12,5.29933333333333e-05,7.84333333333333e-05
2020-06-13,5.09166666666667e-05,6.38633333333333e-05
2020-06-14,9.034e-05,9.034e-05
2020-06-15,-4.12066666666667e-05,0.000107873333333333
2020-06-16,1.595e-05,0.000117383333333333
2020-06-17,2.318e-05,7.86466666666667e-05
2020-06-18,-4.65666666666667e-05,9.73933333333333e-05
2020-06-19,3.92766666666667e-05,4.03233333333333e-05
2020-06-20,7.062e-05,7.062e-05
2020-06-21,1.88433333333333e-05,4.78233333333333e-05
2020-06-22,8.928e-05,8.928e-05
2020-06-23,0.000107383333333333,0.000107383333333333
2020-06-24,0.000104286666666667,0.000104286666666667
2020-06-25,1e-04,1e-04
2020-06-26,9.80033333333333e-05,9.80033333333333e-05
2020-06-27,1e-04,1e-04
2020-06-28,8.289e-05,8.289e-05
2020-06-29,1e-04,1e-04
2020-06-30,1e-04,1e-04
2020-07-01,1e-04,1e-04
2020-07-02,1e-04,1e-04
2020-07-03,1e-04,1e-04
2020-07-04,1e-04,1e-04
2020-07-05,1e-04,1e-04
2020-07-06,1e-04,1e-04
2020-07-07,1e-04,1e-04
2020-07-08,1e-04,1e-04
2020-07-09,1e-04,1e-04
2020-07-10,1e-04,1e-04
2020-07-11,1e-04,1e-04
2020-07-12,1e-04,1e-04
2020-07-13,1e-04,1e-04
2020-07-14,1e-04,1e-04
2020-07-15,1e-04,1e-04
2020-07-16,1e-04,1e-04
2020-07-17,1e-04,1e-04
2020-07-18,1e-04,1e-04
2020-07-19,1e-04,1e-04
2020-07-20,1e-04,1e-04
2020-07-21,1e-04,1e-04
2020-07-22,1e-04,1e-04
2020-07-23,1e-04,1e-04
2020-07-24,1e-04,1e-04
2020-07-25,1e-04,1e-04
2020-07-26,0.00028479,0.00028479
2020-07-27,0.000620063333333333,0.000620063333333333
2020-07-28,0.00119704,0.00119704
2020-07-29,0.000712283333333333,0.000712283333333333
2020-07-30,0.00067754,0.00067754
2020-07-31,0.000532393333333333,0.000532393333333333
2020-08-01,0.00035897,0.00035897
2020-08-02,0.000542496666666667,0.000542496666666667
2020-08-03,0.000385033333333333,0.000385033333333333
2020-08-04,0.00033459,0.00033459
2020-08-05,0.000175183333333333,0.000175183333333333
2020-08-06,0.000378873333333333,0.000378873333333333
2020-08-07,0.00025614,0.00025614
2020-08-08,1e-04,1e-04
2020-08-09,0.000152133333333333,0.000152133333333333
2020-08-10,0.00057372,0.00057372
2020-08-11,0.000319746666666667,0.000319746666666667
2020-08-12,1e-04,1e-04
2020-08-13,1e-04,1e-04
2020-08-14,0.000296896666666667,0.000296896666666667
2020-08-15,0.000228513333333333,0.000228513333333333
2020-08-16,0.000319803333333333,0.000319803333333333
2020-08-17,0.00050636,0.00050636
2020-08-18,0.000994223333333333,0.000994223333333333
2020-08-19,0.000520893333333333,0.000520893333333333
2020-08-20,0.0001802,0.0001802
2020-08-21,1e-04,1e-04
2020-08-22,1e-04,1e-04
2020-08-23,1e-04,1e-04
2020-08-24,1e-04,1e-04
2020-08-25,0.0002086,0.0002086
2020-08-26,0.000154513333333333,0.000154513333333333
2020-08-27,1e-04,1e-04
2020-08-28,1e-04,1e-04
2020-08-29,1e-04,1e-04
2020-08-30,1e-04,1e-04
2020-08-31,0.000118203333333333,0.000118203333333333
2020-09-01,0.00026607,0.00026607
2020-09-02,0.00037669,0.00037669
2020-09-03,0.00020977,0.00020977
2020-09-04,1e-04,1e-04
2020-09-05,1e-04,1e-04
2020-09-06,1e-04,1e-04
2020-09-07,1e-04,1e-04
2020-09-08,1e-04,1e-04
2020-09-09,1e-04,1e-04
2020-09-10,1e-04,1e-04
2020-09-11,1e-04,1e-04
2020-09-12,1e-04,1e-04
2020-09-13,1e-04,1e-04
2020-09-14,6.956e-05,6.956e-05
2020-09-15,-0.00010074,0.00010074
2020-09-16,-5.289e-05,5.289e-05
2020-09-17,8.30666666666667e-06,1.206e-05
2020-09-18,6.657e-05,6.657e-05
2020-09-19,-9.42633333333333e-05,9.42633333333333e-05
2020-09-20,-8.09966666666667e-05,8.09966666666667e-05
2020-09-21,-3.19233333333333e-05,9.859e-05
2020-09-22,1e-04,1e-04
2020-09-23,-1.263e-05,4.14366666666667e-05
2020-09-24,3.99666666666667e-05,3.99666666666667e-05
2020-09-25,-3.559e-05,0.000119203333333333
2020-09-26,1e-04,1e-04
2020-09-27,1e-04,1e-04
2020-09-28,1e-04,1e-04
2020-09-29,1e-04,1e-04
2020-09-30,1e-04,1e-04
2020-10-01,9.13733333333333e-05,9.13733333333333e-05
2020-10-02,2.695e-05,3.97166666666667e-05
2020-10-03,9.91633333333333e-05,9.91633333333333e-05
2020-10-04,7.13e-06,2.64633333333333e-05
2020-10-05,-6.47866666666667e-05,6.47866666666667e-05
2020-10-06,-5.00666666666667e-06,5.12533333333333e-05
2020-10-07,4.02e-06,9.74e-06
2020-10-08,4.93233333333333e-05,4.93233333333333e-05
2020-10-09,8.70933333333333e-05,8.70933333333333e-05
2020-10-10,1e-04,1e-04
2020-10-11,1e-04,1e-04
2020-10-12,1e-04,1e-04
2020-10-13,1e-04,1e-04
2020-10-14,1e-04,1e-04
2020-10-15,1e-04,1e-04
2020-10-16,1e-04,1e-04
2020-10-17,1e-04,1e-04
2020-10-18,1e-04,1e-04
2020-10-19,1e-04,1e-04
2020-10-20,7.914e-05,7.914e-05
2020-10-21,6.59266666666667e-05,6.59266666666667e-05
2020-10-22,1e-04,1e-04
2020-10-23,1e-04,1e-04
2020-10-24,1e-04,1e-04
2020-10-25,1e-04,1e-04
2020-10-26,1e-04,1e-04
2020-10-27,8.467e-05,8.467e-05
2020-10-28,7.90833333333333e-05,7.90833333333333e-05
2020-10-29,-0.000124156666666667,0.000124156666666667
2020-10-30,-9.88333333333333e-05,9.88333333333333e-05
2020-10-31,-0.00010785,0.00016921
2020-11-01,-5.175e-05,5.175e-05
2020-11-02,4.441e-05,6.62433333333333e-05
2020-11-03,-8.704e-05,8.704e-05
2020-11-04,-0.000114183333333333,0.000114183333333333
2020-11-05,1e-04,1e-04
2020-11-06,0.00022535,0.00022535
2020-11-07,0.000329173333333333,0.000329173333333333
2020-11-08,1e-04,1e-04
2020-11-09,1e-04,1e-04
2020-11-10,1e-04,1e-04
2020-11-11,1e-04,1e-04
2020-11-12,1e-04,1e-04
2020-11-13,1e-04,1e-04
2020-11-14,8.09233333333333e-05,8.09233333333333e-05
2020-11-15,1e-04,1e-04
2020-11-16,1e-04,1e-04
2020-11-17,1e-04,1e-04
2020-11-18,0.000333986666666667,0.000333986666666667
2020-11-19,0.00029074,0.00029074
2020-11-20,0.000383046666666667,0.000383046666666667
2020-11-21,0.000264793333333333,0.000264793333333333
2020-11-22,0.000779616666666667,0.000779616666666667
2020-11-23,0.000952496666666667,0.000952496666666667
2020-11-24,0.000641143333333333,0.000641143333333333
2020-11-25,0.000658686666666667,0.000658686666666667
2020-11-26,0.0002578,0.0002578
2020-11-27,0.000102576666666667,0.000102576666666667
2020-11-28,1e-04,1e-04
2020-11-29,1e-04,1e-04
2020-11-30,0.000164936666666667,0.000164936666666667
2020-12-01,0.000335873333333333,0.000335873333333333
2020-12-02,1e-04,1e-04
2020-12-03,0.000151516666666667,0.000151516666666667
2020-12-04,0.00010901,0.00010901
2020-12-05,1e-04,1e-04
2020-12-06,1e-04,1e-04
2020-12-07,1e-04,1e-04
2020-12-08,1e-04,1e-04
2020-12-09,1e-04,1e-04
2020-12-10,1e-04,1e-04
2020-12-11,1e-04,1e-04
2020-12-12,4.05966666666667e-05,5.483e-05
2020-12-13,1e-04,1e-04
2020-12-14,1e-04,1e-04
2020-12-15,1e-04,1e-04
2020-12-16,0.00022018,0.00022018
2020-12-17,0.000286576666666667,0.000286576666666667
2020-12-18,0.000423706666666667,0.000423706666666667
2020-12-19,0.000395253333333333,0.000395253333333333
2020-12-20,0.000515366666666667,0.000515366666666667
2020-12-21,0.000319283333333333,0.000319283333333333
2020-12-22,0.000133186666666667,0.000133186666666667
2020-12-23,0.00010508,0.00010508
2020-12-24,0.000157386666666667,0.000157386666666667
2020-12-25,0.000211443333333333,0.000211443333333333
2020-12-26,0.000123216666666667,0.000123216666666667
2020-12-27,0.000388573333333333,0.000388573333333333
2020-12-28,0.000502913333333333,0.000502913333333333
2020-12-29,0.00042179,0.00042179
2020-12-30,0.000628983333333333,0.000628983333333333
2020-12-31,0.00050127,0.00050127
2021-01-01,0.000278486666666667,0.000278486666666667
2021-01-02,0.000485406666666667,0.000485406666666667
2021-01-03,0.00131269333333333,0.00131269333333333
2021-01-04,0.00152248333333333,0.00152248333333333
2021-01-05,0.00066136,0.00066136
2021-01-06,0.00162151333333333,0.00162151333333333
2021-01-07,0.00114300333333333,0.00114300333333333
2021-01-08,0.00145817666666667,0.00145817666666667
2021-01-09,0.000922713333333333,0.000922713333333333
2021-01-10,0.00106408,0.00106408
2021-01-11,0.000738276666666667,0.000738276666666667
2021-01-12,0.00046442,0.00046442
2021-01-13,0.000359626666666667,0.000359626666666667
2021-01-14,0.000731536666666667,0.000731536666666667
2021-01-15,0.00079432,0.00079432
2021-01-16,0.00037023,0.00037023
2021-01-17,0.000244616666666667,0.000244616666666667
2021-01-18,0.000694153333333333,0.000694153333333333
2021-01-19,0.00120075666666667,0.00120075666666667
2021-01-20,0.000408756666666667,0.000408756666666667
2021-01-21,0.00039008,0.00039008
2021-01-22,1e-04,1e-04
2021-01-23,0.000107273333333333,0.000107273333333333
2021-01-24,0.000219186666666667,0.000219186666666667
2021-01-25,0.00034889,0.00034889
2021-01-26,0.000111686666666667,0.000111686666666667
2021-01-27,1e-04,1e-04
2021-01-28,0.000140873333333333,0.000140873333333333
2021-01-29,0.000805306666666667,0.000805306666666667
2021-01-30,0.00041612,0.00041612
2021-01-31,0.000484316666666667,0.000484316666666667
2021-02-01,0.00039447,0.00039447
2021-02-02,0.000677486666666667,0.000677486666666667
2021-02-03,0.000777963333333333,0.000777963333333333
2021-02-04,0.00055095,0.00055095
2021-02-05,0.000768756666666667,0.000768756666666667
2021-02-06,0.000689933333333333,0.000689933333333333
2021-02-07,0.00108957666666667,0.00108957666666667
2021-02-08,0.00122049,0.00122049
2021-02-09,0.00159619,0.00159619
2021-02-10,0.00137353333333333,0.00137353333333333
2021-02-11,0.00111307333333333,0.00111307333333333
2021-02-12,0.00119978333333333,0.00119978333333333
2021-02-13,0.00119184666666667,0.00119184666666667
2021-02-14,0.00126907333333333,0.00126907333333333
2021-02-15,0.000755366666666667,0.000755366666666667
2021-02-16,0.00121654666666667,0.00121654666666667
2021-02-17,0.00114871333333333,0.00114871333333333
2021-02-18,0.00137464666666667,0.00137464666666667
2021-02-19,0.00101524,0.00101524
2021-02-20,0.00131772666666667,0.00131772666666667
2021-02-21,0.00108399666666667,0.00108399666666667
2021-02-22,0.00095565,0.00095565
2021-02-23,0.00022616,0.00022616
2021-02-24,0.000330266666666667,0.000330266666666667
2021-02-25,0.000233353333333333,0.000233353333333333
2021-02-26,1e-04,1e-04
2021-02-27,0.000282573333333333,0.000282573333333333
2021-02-28,0.000192353333333333,0.000192353333333333
2021-03-01,0.00012307,0.00012307
2021-03-02,1e-04,1e-04
2021-03-03,0.000216926666666667,0.000216926666666667
2021-03-04,1e-04,1e-04
2021-03-05,1e-04,1e-04
2021-03-06,1e-04,1e-04
2021-03-07,0.000125353333333333,0.000125353333333333
2021-03-08,0.00014919,0.00014919
2021-03-09,0.000571443333333333,0.000571443333333333
2021-03-10,0.000432816666666667,0.000432816666666667
2021-03-11,0.000935583333333333,0.000935583333333333
2021-03-12,0.000734493333333333,0.000734493333333333
2021-03-13,0.000551716666666667,0.000551716666666667
2021-03-14,0.0009383,0.0009383
2021-03-15,0.000676653333333333,0.000676653333333333
2021-03-16,0.00033036,0.00033036
2021-03-17,0.00026392,0.00026392
2021-03-18,0.000306903333333333,0.000306903333333333
2021-03-19,0.00026051,0.00026051
2021-03-20,0.00047556,0.00047556
2021-03-21,0.000279136666666667,0.000279136666666667
2021-03-22,0.000488193333333333,0.000488193333333333
2021-03-23,0.000310246666666667,0.000310246666666667
2021-03-24,0.000321476666666667,0.000321476666666667
2021-03-25,0.000106093333333333,0.000106093333333333
2021-03-26,0.00012,0.00012
2021-03-27,1e-04,1e-04
2021-03-28,1e-04,1e-04
2021-03-29,0.000127236666666667,0.000127236666666667
2021-03-30,0.00047595,0.00047595
2021-03-31,0.00070019,0.00070019
2021-04-01,0.000854853333333333,0.000854853333333333
2021-04-02,0.00093083,0.00093083
2021-04-03,0.000908076666666667,0.000908076666666667
2021-04-04,0.000423686666666667,0.000423686666666667
2021-04-05,0.0004003,0.0004003
2021-04-06,0.00079567,0.00079567
2021-04-07,0.00055006,0.00055006
2021-04-08,0.000306506666666667,0.000306506666666667
2021-04-09,0.000225656666666667,0.000225656666666667
2021-04-10,0.00093745,0.00093745
2021-04-11,0.000973866666666667,0.000973866666666667
2021-04-12,0.000981646666666667,0.000981646666666667
2021-04-13,0.0009889,0.0009889
2021-04-14,0.00101287,0.00101287
2021-04-15,0.000895803333333333,0.000895803333333333
2021-04-16,0.00115062666666667,0.00115062666666667
2021-04-17,0.00065495,0.00065495
2021-04-18,0.00050024,0.00050024
2021-04-19,1e-04,1e-04
2021-04-20,1e-04,1e-04
2021-04-21,1e-04,1e-04
2021-04-22,1e-04,1e-04
2021-04-23,0.000225393333333333,0.000225393333333333
2021-04-24,0.00018144,0.00018144
2021-04-25,0.000234193333333333,0.000234193333333333
2021-04-26,1e-04,1e-04
2021-04-27,1e-04,1e-04
2021-04-28,1e-04,1e-04
2021-04-29,1e-04,1e-04
2021-04-30,1e-04,1e-04
2021-05-01,0.000179016666666667,0.000179016666666667
2021-05-02,0.000354623333333333,0.000354623333333333
2021-05-03,0.00047936,0.00047936
2021-05-04,0.000431903333333333,0.000431903333333333
2021-05-05,0.000329643333333333,0.000329643333333333
2021-05-06,0.000765363333333333,0.000765363333333333
2021-05-07,0.000383673333333333,0.000383673333333333
2021-05-08,0.000506916666666667,0.000506916666666667
2021-05-09,0.00052217,0.00052217
2021-05-10,0.000741473333333333,0.000741473333333333
2021-05-11,0.000386853333333333,0.000386853333333333
2021-05-12,0.00030052,0.00030052
2021-05-13,0.000148336666666667,0.000148336666666667
2021-05-14,0.000301093333333333,0.000301093333333333
2021-05-15,0.000134253333333333,0.000134253333333333
2021-05-16,0.00031042,0.00031042
2021-05-17,0.000444276666666667,0.000444276666666667
2021-05-18,0.000303916666666667,0.000303916666666667
2021-05-19,-0.00014628,0.0004517
2021-05-20,1e-04,1e-04
2021-05-21,5.515e-05,6.18233333333333e-05
2021-05-22,-1.48266666666667e-05,0.00014816
2021-05-23,-4.58e-06,3.58866666666667e-05
2021-05-24,-5.45e-05,6.84266666666667e-05
2021-05-25,1e-04,1e-04
2021-05-26,1e-04,1e-04
2021-05-27,1e-04,1e-04
2021-05-28,1e-04,1e-04
2021-05-29,0.00010125,0.00010125
2021-05-30,1e-04,1e-04
2021-05-31,1e-04,1e-04
2021-06-01,1e-04,1e-04
2021-06-02,1e-04,1e-04
2021-06-03,1e-04,1e-04
2021-06-04,0.00013522,0.00013522
2021-06-05,1e-04,1e-04
2021-06-06,1e-04,1e-04
2021-06-07,1e-04,1e-04
2021-06-08,7.005e-05,7.005e-05
2021-06-09,-3.413e-05,0.000100796666666667
2021-06-10,-2.55333333333333e-06,0.0001094
2021-06-11,5.796e-05,5.796e-05
2021-06-12,4.68666666666667e-06,6.198e-05
2021-06-13,1.97766666666667e-05,6.35033333333333e-05
2021-06-14,5.61866666666667e-05,7.71466666666667e-05
2021-06-15,9.334e-05,9.334e-05
2021-06-16,1e-04,1e-04
2021-06-17,1e-04,1e-04
2021-06-18,5.229e-05,5.229e-05
2021-06-19,-2.39033333333333e-05,7.37366666666667e-05
2021-06-20,5.21e-06,0.000128123333333333
2021-06-21,-3.82366666666667e-05,0.000104903333333333
2021-06-22,-4.953e-05,0.000169176666666667
2021-06-23,-0.000111736666666667,0.000112183333333333
2021-06-24,-5.54933333333333e-05,0.00012216
2021-06-25,7.45733333333333e-05,7.45733333333333e-05
2021-06-26,-0.00011507,0.00011507
2021-06-27,-0.00034195,0.00034195
2021-06-28,3.466e-05,5.40866666666667e-05
2021-06-29,7.40966666666667e-05,7.40966666666667e-05
2021-06-30,1e-04,1e-04
2021-07-01,1e-04,1e-04
2021-07-02,2.039e-05,0.000101636666666667
2021-07-03,-4.962e-05,7.31533333333333e-05
2021-07-04,-2.53566666666667e-05,7.64433333333333e-05
2021-07-05,3.18666666666667e-05,0.000101466666666667
2021-07-06,-6.678e-05,6.678e-05
2021-07-07,2.21266666666667e-05,0.000111206666666667
2021-07-08,-0.000110336666666667,0.00011955
2021-07-09,-0.00015698,0.00015698
2021-07-10,2.61266666666667e-05,2.66666666666667e-05
2021-07-11,4.804e-05,7.05266666666667e-05
2021-07-12,7.438e-05,7.438e-05
2021-07-13,6.684e-05,6.684e-05
2021-07-14,-1.45333333333333e-06,7.69e-05
2021-07-15,2.231e-05,5.48633333333333e-05
2021-07-16,-1.45033333333333e-05,6.23566666666667e-05
2021-07-17,2.674e-05,5.56933333333333e-05
2021-07-18,5.18866666666667e-05,8.14466666666667e-05
2021-07-19,-1.85233333333333e-05,3.97433333333333e-05
2021-07-20,-0.000157316666666667,0.000157316666666667
2021-07-21,-0.000314406666666667,0.000314406666666667
2021-07-22,-4.50833333333333e-05,6.33233333333333e-05
2021-07-23,-5.877e-05,6.10633333333334e-05
2021-07-24,-0.000104093333333333,0.000104093333333333
2021-07-25,-0.000175303333333333,0.000175303333333333
2021-07-26,-0.000116136666666667,0.00024947
2021-07-27,5.91733333333333e-05,7.416e-05
2021-07-28,5.98766666666667e-05,7.34566666666667e-05
2021-07-29,6.58966666666667e-05,6.58966666666667e-05
2021-07-30,5.87433333333333e-05,7.459e-05
2021-07-31,1e-04,1e-04
2021-08-01,1e-04,1e-04
2021-08-02,1e-04,1e-04
2021-08-03,1e-04,1e-04
2021-08-04,7.09066666666667e-05,7.09066666666667e-05
2021-08-05,1e-04,1e-04
2021-08-06,1e-04,1e-04
2021-08-07,1e-04,1e-04
2021-08-08,1e-04,1e-04
2021-08-09,1e-04,1e-04
2021-08-10,1e-04,1e-04
2021-08-11,1e-04,1e-04
2021-08-12,1e-04,1e-04
2021-08-13,1e-04,1e-04
2021-08-14,1e-04,1e-04
2021-08-15,1e-04,1e-04
2021-08-16,0.00011308,0.00011308
2021-08-17,1e-04,1e-04
2021-08-18,1e-04,1e-04
2021-08-19,1e-04,1e-04
2021-08-20,0.000119203333333333,0.000119203333333333
2021-08-21,0.00015569,0.00015569
2021-08-22,0.000116043333333333,0.000116043333333333
2021-08-23,0.000243876666666667,0.000243876666666667
2021-08-24,0.000268826666666667,0.000268826666666667
2021-08-25,0.000131893333333333,0.000131893333333333
2021-08-26,0.00013955,0.00013955
2021-08-27,1e-04,1e-04
2021-08-28,0.000217923333333333,0.000217923333333333
2021-08-29,1e-04,1e-04
2021-08-30,0.000141833333333333,0.000141833333333333
2021-08-31,0.000291036666666667,0.000291036666666667
2021-09-01,0.000352803333333333,0.000352803333333333
2021-09-02,0.000488716666666667,0.000488716666666667
2021-09-03,0.00035202,0.00035202
2021-09-04,0.00024982,0.00024982
2021-09-05,1e-04,1e-04
2021-09-06,0.000155943333333333,0.000155943333333333
2021-09-07,0.000143256666666667,0.000143256666666667
2021-09-08,1e-04,1e-04
2021-09-09,1e-04,1e-04
2021-09-10,0.000103716666666667,0.000103716666666667
2021-09-11,1e-04,1e-04
2021-09-12,1e-04,1e-04
2021-09-13,1e-04,1e-04
2021-09-14,1e-04,1e-04
2021-09-15,1e-04,1e-04
2021-09-16,1e-04,1e-04
2021-09-17,1e-04,1e-04
2021-09-18,1e-04,1e-04
2021-09-19,1e-04,1e-04
2021-09-20,1e-04,1e-04
2021-09-21,1e-04,1e-04
2021-09-22,1e-04,1e-04
2021-09-23,7.52633333333333e-05,7.52633333333333e-05
2021-09-24,-4.138e-05,6.79e-05
2021-09-25,8.543e-05,8.543e-05
2021-09-26,3.59033333333333e-05,4.71433333333333e-05
2021-09-27,1e-04,1e-04
2021-09-28,5.20766666666667e-05,5.20766666666667e-05
2021-09-29,4.622e-05,4.622e-05
2021-09-30,9.745e-05,9.745e-05
2021-10-01,3.16966666666667e-05,4.965e-05
2021-10-02,4.91133333333333e-05,4.91133333333333e-05
2021-10-03,1e-04,1e-04
2021-10-04,1e-04,1e-04
2021-10-05,2.578e-05,4.196e-05
2021-10-06,1e-04,1e-04
2021-10-07,0.000239496666666667,0.000239496666666667
2021-10-08,0.000233836666666667,0.000233836666666667
2021-10-09,0.000119056666666667,0.000119056666666667
2021-10-10,0.000136353333333333,0.000136353333333333
2021-10-11,1e-04,1e-04
2021-10-12,1e-04,1e-04
2021-10-13,1e-04,1e-04
2021-10-14,0.00016693,0.00016693
2021-10-15,0.00018895,0.00018895
2021-10-16,0.000397543333333333,0.000397543333333333
2021-10-17,0.00038554,0.00038554
2021-10-18,0.000235473333333333,0.000235473333333333
2021-10-19,0.00011658,0.00011658
2021-10-20,0.000277456666666667,0.000277456666666667
2021-10-21,0.000627446666666667,0.000627446666666667
2021-10-22,0.00030406,0.00030406
2021-10-23,0.000194756666666667,0.000194756666666667
2021-10-24,0.000334783333333333,0.000334783333333333
2021-10-25,0.000288886666666667,0.000288886666666667
2021-10-26,0.000525416666666667,0.000525416666666667
2021-10-27,0.000288336666666667,0.000288336666666667
2021-10-28,0.000131186666666667,0.000131186666666667
2021-10-29,0.0002187,0.0002187
2021-10-30,0.00026212,0.00026212
2021-10-31,0.000372923333333333,0.000372923333333333
2021-11-01,0.000402676666666667,0.000402676666666667
2021-11-02,0.00032179,0.00032179
2021-11-03,0.00052478,0.00052478
2021-11-04,0.000477016666666667,0.000477016666666667
2021-11-05,0.000260356666666667,0.000260356666666667
2021-11-06,0.000453893333333333,0.000453893333333333
2021-11-07,0.000303196666666667,0.000303196666666667
2021-11-08,0.000413163333333333,0.000413163333333333
2021-11-09,0.00048591,0.00048591
2021-11-10,0.000544753333333333,0.000544753333333333
2021-11-11,0.00018341,0.00018341
2021-11-12,0.000301393333333333,0.000301393333333333
2021-11-13,0.000230053333333333,0.000230053333333333
2021-11-14,0.000123403333333333,0.000123403333333333
2021-11-15,0.000259533333333333,0.000259533333333333
2021-11-16,0.00018666,0.00018666
2021-11-17,0.000110516666666667,0.000110516666666667
2021-11-18,0.000104116666666667,0.000104116666666667
2021-11-19,1e-04,1e-04
2021-11-20,1e-04,1e-04
2021-11-21,1e-04,1e-04
2021-11-22,1e-04,1e-04
2021-11-23,0.000109656666666667,0.000109656666666667
2021-11-24,0.0001067,0.0001067
2021-11-25,0.00014404,0.00014404
2021-11-26,0.000192013333333333,0.000192013333333333
2021-11-27,0.000102746666666667,0.000102746666666667
2021-11-28,1e-04,1e-04
2021-11-29,0.000135913333333333,0.000135913333333333
2021-11-30,0.000159366666666667,0.000159366666666667
2021-12-01,0.000172783333333333,0.000172783333333333
2021-12-02,0.000119836666666667,0.000119836666666667
2021-12-03,0.000162946666666667,0.000162946666666667
2021-12-04,6.39266666666667e-05,6.39266666666667e-05
2021-12-05,9.091e-05,9.091e-05
2021-12-06,1e-04,1e-04
2021-12-07,7.99233333333333e-05,7.99233333333333e-05
2021-12-08,1e-04,1e-04
2021-12-09,1e-04,1e-04
2021-12-10,1e-04,1e-04
2021-12-11,1e-04,1e-04
2021-12-12,1e-04,1e-04
2021-12-13,1e-04,1e-04
2021-12-14,6.115e-05,6.44366666666667e-05
2021-12-15,1e-04,1e-04
2021-12-16,1e-04,1e-04
2021-12-17,8.226e-05,8.226e-05
2021-12-18,8.914e-05,8.914e-05
2021-12-19,9.02666666666667e-05,9.02666666666667e-05
2021-12-20,1e-04,1e-04
2021-12-21,9.728e-05,9.728e-05
2021-12-22,1e-04,1e-04
2021-12-23,7.91266666666667e-05,7.91266666666667e-05
2021-12-24,1e-04,1e-04
2021-12-25,1e-04,1e-04
2021-12-26,1e-04,1e-04
2021-12-27,1e-04,1e-04
2021-12-28,1e-04,1e-04
2021-12-29,1e-04,1e-04
2021-12-30,1e-04,1e-04
2021-12-31,5.63266666666667e-05,7.70066666666667e-05
2022-01-01,1e-04,1e-04
2022-01-02,1e-04,1e-04
2022-01-03,1e-04,1e-04
2022-01-04,1e-04,1e-04
2022-01-05,1e-04,1e-04
2022-01-06,1e-04,1e-04
2022-01-07,1e-04,1e-04
2022-01-08,1e-04,1e-04
2022-01-09,1e-04,1e-04
2022-01-10,8.174e-05,8.174e-05
2022-01-11,9.13133333333333e-05,9.13133333333333e-05
2022-01-12,-1.63e-06,6.57966666666667e-05
2022-01-13,-1.19566666666667e-05,7.86233333333334e-05
2022-01-14,-5.07766666666667e-05,5.47233333333333e-05
2022-01-15,4.981e-05,4.981e-05
2022-01-16,3.45333333333333e-05,5.00666666666667e-05
2022-01-17,6.13266666666667e-05,6.13266666666667e-05
2022-01-18,9.99933333333333e-05,9.99933333333333e-05
2022-01-19,8.32433333333333e-05,8.32433333333333e-05
2022-01-20,1e-04,1e-04
2022-01-21,7.583e-05,7.583e-05
2022-01-22,4.357e-05,5.05766666666667e-05
2022-01-23,2.39033333333333e-05,4.27633333333333e-05
2022-01-24,4.698e-05,4.698e-05
2022-01-25,2.706e-05,9.378e-05
2022-01-26,-1.78633333333333e-05,2.237e-05
2022-01-27,-7.53633333333333e-05,7.53633333333333e-05
2022-01-28,3.184e-05,3.51266666666667e-05
2022-01-29,3.72333333333333e-06,3.12033333333333e-05
2022-01-30,8.392e-05,8.392e-05
2022-01-31,-1.36333333333333e-05,7.31466666666667e-05
2022-02-01,-1.381e-05,5.45633333333333e-05
2022-02-02,3.216e-05,5.15266666666667e-05
2022-02-03,-2.69366666666667e-05,3.47233333333333e-05
2022-02-04,9.63666666666667e-06,6.67766666666667e-05
2022-02-05,9.15233333333333e-05,9.15233333333333e-05
2022-02-06,1e-04,1e-04
2022-02-07,-9.58666666666667e-06,5.45266666666667e-05
2022-02-08,1e-04,1e-04
2022-02-09,6.38733333333333e-05,6.38733333333333e-05
2022-02-10,6.067e-05,7.26633333333333e-05
2022-02-11,-2.99533333333333e-05,5.592e-05
2022-02-12,1e-04,1e-04
2022-02-13,7.59933333333333e-05,7.59933333333333e-05
2022-02-14,6.343e-05,6.343e-05
2022-02-15,2.56733333333333e-05,7.74066666666667e-05
2022-02-16,1e-04,1e-04
2022-02-17,1e-04,1e-04
2022-02-18,-1.43233333333333e-05,1.43233333333333e-05
2022-02-19,6.22366666666667e-05,6.22366666666667e-05
2022-02-20,6.95666666666666e-06,5.707e-05
2022-02-21,-4.90333333333334e-06,4.82366666666667e-05
2022-02-22,-1.98833333333333e-05,3.63966666666667e-05
2022-02-23,-6.186e-05,6.186e-05
2022-02-24,-6.26e-05,0.000105766666666667
2022-02-25,5.73933333333333e-05,5.73933333333333e-05
2022-02-26,8.982e-05,8.982e-05
2022-02-27,2.24966666666667e-05,2.66833333333333e-05
2022-02-28,-0.000118463333333333,0.000118463333333333
2022-03-01,8.123e-05,8.123e-05
2022-03-02,6.49766666666667e-05,6.83566666666667e-05
2022-03-03,1e-04,1e-04
2022-03-04,1e-04,1e-04
2022-03-05,7.21866666666667e-05,7.21866666666667e-05
2022-03-06,1.704e-05,2.344e-05
2022-03-07,-3.94733333333333e-05,4.15933333333333e-05
2022-03-08,7.79266666666667e-05,7.79266666666667e-05
2022-03-09,8.92533333333333e-05,8.92533333333333e-05
2022-03-10,3.12033333333333e-05,9.06633333333333e-05
2022-03-11,-4.424e-05,7.29133333333333e-05
2022-03-12,-2.34666666666667e-06,2.34666666666667e-05
2022-03-13,-3.661e-05,4.06966666666667e-05
2022-03-14,-4e-05,5.80533333333333e-05
2022-03-15,6.421e-05,6.421e-05
2022-03-16,8.62366666666667e-05,8.62366666666667e-05
2022-03-17,1e-04,1e-04
2022-03-18,7.22066666666667e-05,7.22066666666667e-05
2022-03-19,1e-04,1e-04
2022-03-20,1e-04,1e-04
2022-03-21,2.98433333333333e-05,3.68233333333333e-05
2022-03-22,1e-04,1e-04
2022-03-23,9.00466666666667e-05,9.00466666666667e-05
2022-03-24,5.19e-06,1.12366666666667e-05
2022-03-25,5.143e-05,5.143e-05
2022-03-26,4.20933333333333e-05,8.95e-05
2022-03-27,1.01766666666667e-05,6.51966666666667e-05
2022-03-28,1e-04,1e-04
2022-03-29,9.86466666666667e-05,9.86466666666667e-05
2022-03-30,1e-04,1e-04
2022-03-31,1e-04,1e-04
2022-04-01,8.93966666666667e-05,8.93966666666667e-05
2022-04-02,1e-04,1e-04
2022-04-03,1e-04,1e-04
2022-04-04,1e-04,1e-04
2022-04-05,1e-04,1e-04
2022-04-06,9.966e-05,9.966e-05
2022-04-07,7.47366666666667e-05,7.47366666666667e-05
2022-04-08,8.102e-05,8.102e-05
2022-04-09,9.75966666666667e-05,9.75966666666667e-05
2022-04-10,6.31733333333333e-05,6.31733333333333e-05
2022-04-11,6.74766666666667e-05,6.74766666666667e-05
2022-04-12,-7.936e-05,7.936e-05
2022-04-13,-8.08e-06,1.31e-05
2022-04-14,4.32466666666667e-05,4.32466666666667e-05
2022-04-15,-4.11366666666667e-05,9.245e-05
2022-04-16,4.53233333333333e-05,4.53233333333333e-05
2022-04-17,6.85266666666667e-05,6.85266666666667e-05
2022-04-18,-8.62133333333333e-05,8.62133333333333e-05
2022-04-19,3.741e-05,7.093e-05
2022-04-20,7.569e-05,7.569e-05
2022-04-21,9.7e-07,3.59366666666667e-05
2022-04-22,-4.791e-05,6.80833333333333e-05
2022-04-23,-9.48933333333333e-05,9.48933333333333e-05
2022-04-24,-0.00012401,0.00012401
2022-04-25,-3.17633333333333e-05,7.99166666666667e-05
2022-04-26,1e-04,1e-04
2022-04-27,-7.23533333333333e-05,8.54733333333333e-05
2022-04-28,-4.2e-06,7.08666666666667e-05
2022-04-29,7.54266666666667e-05,7.54266666666667e-05
2022-04-30,3.63666666666667e-06,6.611e-05
2022-05-01,4.166e-05,4.166e-05
2022-05-02,9.66666666666667e-05,9.66666666666667e-05
2022-05-03,1e-04,1e-04
2022-05-04,7.50133333333333e-05,7.50133333333333e-05
2022-05-05,1e-04,1e-04
2022-05-06,-4.999e-05,7.797e-05
2022-05-07,4.79333333333333e-06,3.99466666666667e-05
2022-05-08,5.78033333333333e-05,7.553e-05
2022-05-09,1e-04,1e-04
2022-05-10,1e-04,1e-04
2022-05-11,3.669e-05,6.01033333333333e-05
2022-05-12,-0.000251486666666667,0.000251486666666667
2022-05-13,-5.62333333333333e-06,4.59233333333333e-05
2022-05-14,1e-04,1e-04
2022-05-15,9.11433333333333e-05,9.11433333333333e-05
2022-05-16,7.941e-05,7.941e-05
2022-05-17,4.665e-05,5.13833333333333e-05
2022-05-18,-3.272e-05,5.20066666666667e-05
2022-05-19,4.24933333333333e-05,4.47666666666667e-05
2022-05-20,1e-04,1e-04
2022-05-21,6.7e-07,1.63233333333333e-05
2022-05-22,3.11566666666667e-05,5.15766666666667e-05
2022-05-23,1e-04,1e-04
2022-05-24,-3.38533333333333e-05,5.31333333333333e-05
2022-05-25,7.893e-05,7.893e-05
2022-05-26,6.079e-05,6.079e-05
2022-05-27,1e-04,1e-04
2022-05-28,9.57066666666667e-05,9.57066666666667e-05
2022-05-29,1e-04,1e-04
2022-05-30,1e-04,1e-04
2022-05-31,1e-04,1e-04
2022-06-01,1e-04,1e-04
2022-06-02,9.73333333333333e-06,1.94133333333333e-05
2022-06-03,7.01e-06,3.92366666666667e-05
2022-06-04,3.52366666666667e-05,3.52366666666667e-05
2022-06-05,3.97966666666667e-05,3.97966666666667e-05
2022-06-06,8.564e-05,8.564e-05
2022-06-07,-1.313e-05,7.97966666666667e-05
2022-06-08,1e-04,1e-04
2022-06-09,9.702e-05,9.702e-05
2022-06-10,7.59733333333333e-05,7.59733333333333e-05
2022-06-11,2.91566666666667e-05,2.91566666666667e-05
2022-06-12,3.66733333333333e-05,3.66733333333333e-05
2022-06-13,6.18e-06,3.126e-05
2022-06-14,-3.71166666666667e-05,6.437e-05
2022-06-15,-3.32766666666667e-05,3.32766666666667e-05
2022-06-16,-1.63866666666667e-05,4.622e-05
2022-06-17,-2.20533333333333e-05,5.6e-05
2022-06-18,5.71933333333333e-05,5.71933333333333e-05
2022-06-19,2.30766666666667e-05,5.347e-05
2022-06-20,2.13766666666667e-05,2.49766666666667e-05
2022-06-21,5.665e-05,5.665e-05
2022-06-22,-1.48133333333333e-05,1.6e-05
2022-06-23,-1.70166666666667e-05,1.70166666666667e-05
2022-06-24,8.66866666666667e-05,8.66866666666667e-05
2022-06-25,7.54033333333333e-05,7.54033333333333e-05
2022-06-26,6.88966666666667e-05,6.88966666666667e-05
2022-06-27,5.81833333333333e-05,5.81833333333333e-05
2022-06-28,-1.92133333333333e-05,3.54466666666667e-05
2022-06-29,5.94733333333333e-05,5.94733333333333e-05
2022-06-30,-6.90466666666667e-05,7.12066666666667e-05
2022-07-01,-4.58033333333333e-05,6.651e-05
2022-07-02,1.475e-05,3.417e-05
2022-07-03,5.2e-05,5.2e-05
2022-07-04,4.89e-05,4.89e-05
2022-07-05,5.137e-05,5.137e-05
2022-07-06,9.45766666666667e-05,9.45766666666667e-05
2022-07-07,8.42466666666667e-05,8.42466666666667e-05
2022-07-08,6.73733333333333e-05,6.73733333333333e-05
2022-07-09,8.71433333333333e-05,8.71433333333333e-05
2022-07-10,9.98733333333333e-05,9.98733333333333e-05
2022-07-11,6.75966666666667e-05,6.75966666666667e-05
2022-07-12,5.701e-05,5.701e-05
2022-07-13,-6.01666666666667e-06,1.013e-05
2022-07-14,4.50266666666667e-05,4.50266666666667e-05
2022-07-15,4.08633333333333e-05,4.08633333333333e-05
2022-07-16,4.95033333333333e-05,4.95033333333333e-05
2022-07-17,8.91566666666667e-05,8.91566666666667e-05
2022-07-18,1e-04,1e-04
2022-07-19,1e-04,1e-04
2022-07-20,9.37266666666667e-05,9.37266666666667e-05
2022-07-21,1e-04,1e-04
2022-07-22,8.39066666666667e-05,8.39066666666667e-05
2022-07-23,6.688e-05,6.688e-05
2022-07-24,7.35433333333333e-05,7.35433333333333e-05
2022-07-25,4.519e-05,4.519e-05
2022-07-26,7.43766666666667e-05,7.43766666666667e-05
2022-07-27,4.209e-05,4.209e-05
2022-07-28,9.743e-05,9.743e-05
2022-07-29,1e-04,1e-04
2022-07-30,1e-04,1e-04
2022-07-31,8.76033333333333e-05,8.76033333333333e-05
2022-08-01,8.81633333333333e-05,8.81633333333333e-05
2022-08-02,8.53933333333333e-05,8.53933333333333e-05
2022-08-03,2.5e-06,2.89e-05
2022-08-04,1.00766666666667e-05,1.135e-05
2022-08-05,3.527e-05,3.527e-05
2022-08-06,8.49233333333333e-05,8.49233333333333e-05
2022-08-07,3.888e-05,4.37933333333333e-05
2022-08-08,7.59666666666667e-05,7.59666666666667e-05
2022-08-09,9.30666666666667e-05,9.30666666666667e-05
2022-08-10,2.90233333333333e-05,3.77833333333333e-05
2022-08-11,7.37233333333333e-05,7.37233333333333e-05
2022-08-12,2.35066666666667e-05,4.60666666666667e-05
2022-08-13,2.35e-05,4.72266666666667e-05
2022-08-14,1.10066666666667e-05,1.32266666666667e-05
2022-08-15,-1.34266666666667e-05,2.06066666666667e-05
2022-08-16,2.08966666666667e-05,2.08966666666667e-05
2022-08-17,3.364e-05,3.364e-05
2022-08-18,8.52066666666667e-05,8.52066666666667e-05
2022-08-19,1.78733333333333e-05,6.28466666666667e-05
2022-08-20,-3.40633333333333e-05,4.11966666666667e-05
2022-08-21,-2.92666666666667e-05,2.92666666666667e-05
2022-08-22,-2.42866666666667e-05,5.10933333333333e-05
2022-08-23,-2.17666666666667e-05,2.74066666666667e-05
2022-08-24,-1.794e-05,3.46666666666667e-05
2022-08-25,2.052e-05,2.052e-05
2022-08-26,1.36633333333333e-05,2.50433333333333e-05
2022-08-27,-4.498e-05,4.498e-05
2022-08-28,-4.199e-05,4.199e-05
2022-08-29,-9.95733333333333e-05,9.95733333333333e-05
2022-08-30,-2.712e-05,3.46066666666667e-05
2022-08-31,2.88e-05,4.27266666666667e-05
2022-09-01,5.09533333333333e-05,5.09533333333333e-05
2022-09-02,3.94866666666667e-05,3.94866666666667e-05
2022-09-03,3.45266666666667e-05,3.58533333333333e-05
2022-09-04,2.72333333333333e-05,2.72333333333333e-05
2022-09-05,4.089e-05,4.58033333333333e-05
2022-09-06,1.19033333333333e-05,1.35366666666667e-05
2022-09-07,-3.11733333333333e-05,4.93666666666667e-05
2022-09-08,3.20466666666667e-05,3.20466666666667e-05
2022-09-09,7.104e-05,7.104e-05
2022-09-10,9.92133333333333e-05,9.92133333333333e-05
2022-09-11,7.94233333333333e-05,7.94233333333333e-05
2022-09-12,9.41533333333333e-05,9.41533333333333e-05
2022-09-13,9.98833333333333e-05,9.98833333333333e-05
2022-09-14,-7.40666666666667e-06,1.89466666666667e-05
2022-09-15,3.71233333333333e-05,3.71233333333333e-05
2022-09-16,5.10766666666667e-05,5.10766666666667e-05
2022-09-17,2.94233333333333e-05,2.94233333333333e-05
2022-09-18,5.93733333333333e-05,5.93733333333333e-05
2022-09-19,-1.70266666666667e-05,4.49e-05
2022-09-20,5.12966666666667e-05,5.12966666666667e-05
2022-09-21,3.13166666666667e-05,3.13166666666667e-05
2022-09-22,-3.649e-05,8.811e-05
2022-09-23,1.73733333333333e-05,5.076e-05
2022-09-24,3.32266666666667e-05,3.32266666666667e-05
2022-09-25,2.415e-05,2.415e-05
2022-09-26,2.511e-05,2.951e-05
2022-09-27,6.92733333333333e-05,6.92733333333333e-05
2022-09-28,1.80066666666667e-05,2.51466666666667e-05
2022-09-29,6.669e-05,6.669e-05
2022-09-30,1e-04,1e-04
2022-10-01,6.73433333333333e-05,6.73433333333333e-05
2022-10-02,5.154e-05,5.154e-05
2022-10-03,7.43733333333333e-05,7.43733333333333e-05
2022-10-04,1e-04,1e-04
2022-10-05,1e-04,1e-04
2022-10-06,1e-04,1e-04
2022-10-07,9.171e-05,9.171e-05
2022-10-08,5.11466666666667e-05,5.11466666666667e-05
2022-10-09,2.32433333333333e-05,2.32433333333333e-05
2022-10-10,7.43666666666667e-05,7.43666666666667e-05
2022-10-11,1e-04,1e-04
2022-10-12,1e-04,1e-04
2022-10-13,7.134e-05,7.134e-05
2022-10-14,7.21e-05,7.21e-05
2022-10-15,4.21733333333333e-05,4.21733333333333e-05
2022-10-16,2.19666666666667e-05,2.19666666666667e-05
2022-10-17,3.87633333333333e-05,3.87633333333333e-05
2022-10-18,1e-04,1e-04
2022-10-19,9.19933333333333e-05,9.19933333333333e-05
2022-10-20,6.03866666666667e-05,6.03866666666667e-05
2022-10-21,2.767e-05,3.36033333333333e-05
2022-10-22,3.92066666666667e-05,4.13333333333333e-05
2022-10-23,3.499e-05,3.499e-05
2022-10-24,7.44266666666667e-05,7.44266666666667e-05
2022-10-25,4.39333333333333e-05,4.504e-05
2022-10-26,4.67666666666667e-05,4.67666666666667e-05
2022-10-27,-2.95666666666667e-06,1.22166666666667e-05
2022-10-28,-1.05333333333333e-06,2.466e-05
2022-10-29,3.81466666666667e-05,3.81466666666667e-05
2022-10-30,1.944e-05,3.62066666666667e-05
2022-10-31,1.63733333333333e-05,1.92666666666667e-05
2022-11-01,3.12e-06,1.03733333333333e-05
2022-11-02,4.012e-05,4.012e-05
2022-11-03,3.35333333333333e-05,3.35333333333333e-05
2022-11-04,4.15866666666667e-05,4.15866666666667e-05
2022-11-05,6.31666666666667e-05,6.31666666666667e-05
2022-11-06,7.69633333333333e-05,7.69633333333333e-05
2022-11-07,9.271e-05,9.271e-05
2022-11-08,5.05766666666667e-05,5.583e-05
2022-11-09,-0.00013185,0.00018055
2022-11-10,-0.00084986,0.00084986
2022-11-11,-0.000108436666666667,0.000108436666666667
2022-11-12,3.13833333333333e-05,4.74233333333333e-05
2022-11-13,-1.40266666666667e-05,3.502e-05
2022-11-14,-4.19533333333333e-05,4.19533333333333e-05
2022-11-15,-8.77133333333333e-05,0.00010288
2022-11-16,-6.23733333333333e-05,6.98466666666667e-05
2022-11-17,-4.127e-05,4.127e-05
2022-11-18,1.72333333333333e-06,2.063e-05
2022-11-19,4.09466666666667e-05,4.874e-05
2022-11-20,5.98e-06,1.77e-05
2022-11-21,2.994e-05,3.806e-05
2022-11-22,8.09666666666666e-06,5.79966666666667e-05
2022-11-23,6.33866666666667e-05,6.59866666666667e-05
2022-11-24,4.568e-05,4.568e-05
2022-11-25,1.28266666666667e-05,1.28266666666667e-05
2022-11-26,1.64233333333333e-05,3.279e-05
2022-11-27,5.93666666666667e-06,2.63766666666667e-05
2022-11-28,9.53333333333333e-06,9.53333333333333e-06
2022-11-29,2.84866666666667e-05,3.10533333333333e-05
2022-11-30,5.651e-05,5.651e-05
2022-12-01,2.00933333333333e-05,5.34333333333333e-05
2022-12-02,2.425e-05,4.927e-05
2022-12-03,6.14166666666667e-05,6.14166666666667e-05
2022-12-04,5.73066666666667e-05,5.73066666666667e-05
2022-12-05,1.46333333333333e-06,2.95833333333333e-05
2022-12-06,2.87633333333333e-05,2.87633333333333e-05
2022-12-07,2.351e-05,3.34566666666667e-05
2022-12-08,1.16733333333333e-05,1.16733333333333e-05
2022-12-09,2.79433333333333e-05,2.79433333333333e-05
2022-12-10,-2.15e-06,1.35566666666667e-05
2022-12-11,8.31333333333333e-06,8.31333333333333e-06
2022-12-12,1.12466666666667e-05,2.238e-05
2022-12-13,4.99133333333333e-05,4.99133333333333e-05
2022-12-14,1e-04,1e-04
2022-12-15,8.39333333333333e-05,8.39333333333333e-05
2022-12-16,2.85366666666667e-05,4.17833333333333e-05
2022-12-17,6.51e-05,6.51e-05
2022-12-18,4.15166666666667e-05,4.583e-05
2022-12-19,4.819e-05,4.819e-05
2022-12-20,3e-05,3.008e-05
2022-12-21,6.36733333333333e-05,6.36733333333333e-05
2022-12-22,6.09433333333333e-05,6.09433333333333e-05
2022-12-23,9.63433333333333e-05,9.63433333333333e-05
2022-12-24,6.99e-05,6.99e-05
2022-12-25,1.812e-05,1.812e-05
2022-12-26,3.75333333333333e-06,3.75133333333333e-05
2022-12-27,3.90266666666667e-05,3.90266666666667e-05
2022-12-28,5.37566666666667e-05,5.37566666666667e-05
2022-12-29,9.50566666666667e-05,9.50566666666667e-05
2022-12-30,9.044e-05,9.044e-05
2022-12-31,1e-04,1e-04
2023-01-01,6.897e-05,6.897e-05
2023-01-02,-1.058e-05,2.838e-05
2023-01-03,7.433e-05,7.433e-05
2023-01-04,4.936e-05,4.936e-05
2023-01-05,5.70566666666667e-05,5.70566666666667e-05
2023-01-06,6.94533333333333e-05,6.94533333333333e-05
2023-01-07,4.393e-05,4.393e-05
2023-01-08,7.703e-05,7.703e-05
2023-01-09,2.01166666666667e-05,2.45566666666667e-05
2023-01-10,5.077e-05,5.077e-05
2023-01-11,1.67566666666667e-05,1.81633333333333e-05
2023-01-12,9.183e-05,9.183e-05
2023-01-13,9.05333333333333e-05,9.05333333333333e-05
2023-01-14,0.00021531,0.00021531
2023-01-15,0.00015346,0.00015346
2023-01-16,1e-04,1e-04
2023-01-17,1e-04,1e-04
2023-01-18,1e-04,1e-04
2023-01-19,1e-04,1e-04
2023-01-20,1e-04,1e-04
2023-01-21,1e-04,1e-04
2023-01-22,1e-04,1e-04
2023-01-23,1e-04,1e-04
2023-01-24,1e-04,1e-04
2023-01-25,1e-04,1e-04
2023-01-26,1e-04,1e-04
2023-01-27,9.847e-05,9.847e-05
2023-01-28,1e-04,1e-04
2023-01-29,1e-04,1e-04
2023-01-30,1e-04,1e-04
2023-01-31,1e-04,1e-04
2023-02-01,1e-04,1e-04
2023-02-02,1e-04,1e-04
2023-02-03,1e-04,1e-04
2023-02-04,1e-04,1e-04
2023-02-05,1e-04,1e-04
2023-02-06,1e-04,1e-04
2023-02-07,1e-04,1e-04
2023-02-08,1e-04,1e-04
2023-02-09,1e-04,1e-04
2023-02-10,1e-04,1e-04
2023-02-11,6.16566666666667e-05,6.16566666666667e-05
2023-02-12,5.871e-05,5.871e-05
2023-02-13,6.13233333333333e-05,6.13233333333333e-05
2023-02-14,9.629e-05,9.629e-05
2023-02-15,4.69266666666667e-05,4.69266666666667e-05
2023-02-16,0.000143903333333333,0.000143903333333333
2023-02-17,1e-04,1e-04
2023-02-18,1e-04,1e-04
2023-02-19,1e-04,1e-04
2023-02-20,1e-04,1e-04
2023-02-21,1e-04,1e-04
2023-02-22,1e-04,1e-04
2023-02-23,5.71233333333333e-05,5.71233333333333e-05
2023-02-24,5.12233333333333e-05,5.12233333333333e-05
2023-02-25,5.81666666666667e-06,6.13666666666667e-06
2023-02-26,5.571e-05,5.571e-05
2023-02-27,5.38866666666667e-05,5.38866666666667e-05
2023-02-28,3.783e-05,3.783e-05
2023-03-01,6.72833333333333e-05,6.72833333333333e-05
2023-03-02,8.57e-05,8.57e-05
2023-03-03,1.857e-05,4.80966666666667e-05
2023-03-04,2.14866666666667e-05,2.14866666666667e-05
2023-03-05,2.04133333333333e-05,2.04133333333333e-05
2023-03-06,4.976e-05,4.976e-05
2023-03-07,2.72633333333333e-05,2.72633333333333e-05
2023-03-08,5.57766666666667e-05,5.57766666666667e-05
2023-03-09,1e-04,1e-04
2023-03-10,-3.33866666666667e-05,3.68933333333333e-05
2023-03-11,-7.57666666666667e-06,2.33366666666667e-05
2023-03-12,1.79866666666667e-05,4.51066666666667e-05
2023-03-13,8.67033333333333e-05,8.67033333333333e-05
2023-03-14,0.000182843333333333,0.000182843333333333
2023-03-15,0.00018751,0.00018751
2023-03-16,1e-04,1e-04
2023-03-17,7.77033333333333e-05,7.77033333333333e-05
2023-03-18,1e-04,1e-04
2023-03-19,1e-04,1e-04
2023-03-20,9.69366666666667e-05,9.69366666666667e-05
2023-03-21,3.22133333333333e-05,3.22133333333333e-05
2023-03-22,1.86933333333333e-05,1.86933333333333e-05
2023-03-23,3.05266666666667e-05,3.77933333333333e-05
2023-03-24,1e-04,1e-04
2023-03-25,1.35666666666667e-06,3.42333333333333e-06
2023-03-26,1.23e-06,2.34033333333333e-05
2023-03-27,1.63933333333333e-05,1.90333333333333e-05
2023-03-28,2.40866666666667e-05,3.36066666666667e-05
2023-03-29,7.72433333333333e-05,7.72433333333333e-05
2023-03-30,4.58266666666667e-05,4.58266666666667e-05
2023-03-31,4.54866666666667e-05,6.35666666666667e-05
2023-04-01,9.61333333333333e-05,9.61333333333333e-05
2023-04-02,5.31133333333333e-05,5.31133333333333e-05
2023-04-03,2.069e-05,2.89566666666667e-05
2023-04-04,-2.88066666666667e-05,2.88066666666667e-05
2023-04-05,5.514e-05,5.514e-05
2023-04-06,6.88333333333333e-06,2.67166666666667e-05
2023-04-07,1.95333333333333e-06,1.17733333333333e-05
2023-04-08,1.30866666666667e-05,1.30866666666667e-05
2023-04-09,-2.69e-06,9.02333333333333e-06
2023-04-10,8.72233333333333e-05,8.72233333333333e-05
2023-04-11,1e-04,1e-04
2023-04-12,6.508e-05,6.508e-05
2023-04-13,7.03066666666667e-05,7.03066666666667e-05
2023-04-14,4.43566666666667e-05,4.511e-05
2023-04-15,4.49333333333333e-05,7.81e-05
2023-04-16,9.048e-05,9.048e-05
2023-04-17,9.12533333333333e-05,9.12533333333333e-05
2023-04-18,3.64833333333333e-05,3.98833333333333e-05
2023-04-19,5.38333333333333e-05,5.43733333333333e-05
2023-04-20,6.04833333333333e-05,6.04833333333333e-05
2023-04-21,8.76566666666667e-05,8.76566666666667e-05
2023-04-22,6.316e-05,6.316e-05
2023-04-23,2.50433333333333e-05,2.50433333333333e-05
2023-04-24,3.66766666666667e-05,3.66766666666667e-05
2023-04-25,6.73766666666667e-05,6.73766666666667e-05
2023-04-26,5.344e-05,5.344e-05
2023-04-27,3.85066666666667e-05,3.85066666666667e-05
2023-04-28,8.15866666666667e-05,8.15866666666667e-05
2023-04-29,4.87133333333333e-05,4.87133333333333e-05
2023-04-30,4.237e-05,4.237e-05
2023-05-01,-1.123e-05,3.12366666666667e-05
2023-05-02,2.769e-05,2.769e-05
2023-05-03,6.568e-05,6.568e-05
2023-05-04,8.102e-05,8.102e-05
2023-05-05,7.396e-05,7.396e-05
2023-05-06,1e-04,1e-04
2023-05-07,4.80466666666667e-05,4.80466666666667e-05
2023-05-08,1.67633333333333e-05,1.67633333333333e-05
2023-05-09,4.10966666666667e-05,4.10966666666667e-05
2023-05-10,4.10966666666667e-05,4.10966666666667e-05
2023-05-11,4.57633333333333e-05,4.57633333333333e-05
2023-05-12,3.453e-05,3.453e-05
2023-05-13,3.28966666666667e-05,3.29633333333333e-05
2023-05-14,2.76366666666667e-05,2.76366666666667e-05
2023-05-15,8.80333333333334e-06,2.05766666666667e-05
2023-05-16,5.875e-05,5.875e-05
2023-05-17,6.62733333333333e-05,6.62733333333333e-05
2023-05-18,9.44733333333333e-05,9.44733333333333e-05
2023-05-19,3.66833333333333e-05,3.66833333333333e-05
2023-05-20,2.30633333333333e-05,2.87233333333333e-05
2023-05-21,5.703e-05,5.703e-05
2023-05-22,2.66633333333333e-05,2.66633333333333e-05
2023-05-23,1e-04,1e-04
2023-05-24,5.47633333333333e-05,5.47633333333333e-05
2023-05-25,8.60666666666667e-05,8.60666666666667e-05
2023-05-26,8.17866666666667e-05,8.17866666666667e-05
2023-05-27,7.69066666666667e-05,7.69066666666667e-05
2023-05-28,9.96e-05,9.96e-05
2023-05-29,1e-04,1e-04
2023-05-30,6.36133333333333e-05,6.36133333333333e-05
2023-05-31,5.02433333333333e-05,5.02433333333333e-05
2023-06-01,7.24566666666667e-05,7.24566666666667e-05
2023-06-02,7.994e-05,7.994e-05
2023-06-03,7.662e-05,7.662e-05
2023-06-04,8.28333333333333e-05,8.28333333333333e-05
2023-06-05,9.13133333333333e-05,9.13133333333333e-05
2023-06-06,-1.972e-05,4.83066666666667e-05
2023-06-07,8.00166666666667e-05,8.00166666666667e-05
2023-06-08,4.20166666666667e-05,4.20166666666667e-05
2023-06-09,6.30266666666667e-05,6.30266666666667e-05
2023-06-10,4.991e-05,4.991e-05
2023-06-11,4.524e-05,4.524e-05
2023-06-12,5.11633333333333e-05,5.11633333333333e-05
2023-06-13,7.561e-05,7.561e-05
2023-06-14,2.93833333333333e-05,2.93833333333333e-05
2023-06-15,3.205e-05,5.38166666666667e-05
2023-06-16,1.66266666666667e-05,1.66266666666667e-05
2023-06-17,9.137e-05,9.137e-05
2023-06-18,6.21466666666667e-05,6.21466666666667e-05
2023-06-19,5.709e-05,5.709e-05
2023-06-20,4.35e-06,2.465e-05
2023-06-21,6.282e-05,6.282e-05
2023-06-22,9.74533333333333e-05,9.74533333333333e-05
2023-06-23,1e-04,1e-04
2023-06-24,1e-04,1e-04
2023-06-25,1e-04,1e-04
2023-06-26,1e-04,1e-04
2023-06-27,1e-04,1e-04
2023-06-28,7.96666666666667e-05,7.96666666666667e-05
2023-06-29,8.62466666666667e-05,8.62466666666667e-05
2023-06-30,1e-04,1e-04
2023-07-01,1e-04,1e-04
2023-07-02,1e-04,1e-04
2023-07-03,1e-04,1e-04
2023-07-04,1e-04,1e-04
2023-07-05,1e-04,1e-04
2023-07-06,6.404e-05,6.404e-05
2023-07-07,1.42033333333333e-05,1.859e-05
2023-07-08,2.69133333333333e-05,2.69133333333333e-05
2023-07-09,6.227e-05,6.227e-05
2023-07-10,1.88766666666667e-05,3.34233333333333e-05
2023-07-11,6.743e-05,6.743e-05
2023-07-12,6.05666666666667e-05,6.05666666666667e-05
2023-07-13,1.838e-05,2.59466666666667e-05
2023-07-14,1e-04,1e-04
2023-07-15,-4.40666666666667e-06,4.43466666666667e-05
2023-07-16,4.78266666666667e-05,4.78266666666667e-05
2023-07-17,5.108e-05,5.108e-05
2023-07-18,6.086e-05,6.086e-05
2023-07-19,7.638e-05,7.638e-05
2023-07-20,5.952e-05,5.952e-05
2023-07-21,2.457e-05,2.457e-05
2023-07-22,1.10533333333333e-05,1.10533333333333e-05
2023-07-23,7.42666666666667e-05,7.42666666666667e-05
2023-07-24,8.11266666666667e-05,8.11266666666667e-05
2023-07-25,8.02666666666667e-05,8.02666666666667e-05
2023-07-26,8.40633333333333e-05,8.40633333333333e-05
2023-07-27,3.28066666666667e-05,3.28066666666667e-05
2023-07-28,7.016e-05,7.016e-05
2023-07-29,7.36566666666667e-05,7.36566666666667e-05
2023-07-30,6.02266666666667e-05,6.02266666666667e-05
2023-07-31,5.99e-05,5.99e-05
2023-08-01,7.68933333333333e-05,7.68933333333333e-05
2023-08-02,1e-04,1e-04
2023-08-03,1e-04,1e-04
2023-08-04,9.372e-05,9.372e-05
2023-08-05,8.06033333333333e-05,8.06033333333333e-05
2023-08-06,1e-04,1e-04
2023-08-07,9.223e-05,9.223e-05
2023-08-08,8.36e-05,8.36e-05
2023-08-09,8.838e-05,8.838e-05
2023-08-10,9.42566666666667e-05,9.42566666666667e-05
2023-08-11,9.041e-05,9.041e-05
2023-08-12,9.76833333333333e-05,9.76833333333333e-05
2023-08-13,8.21233333333333e-05,8.21233333333333e-05
2023-08-14,1e-04,1e-04
2023-08-15,1e-04,1e-04
2023-08-16,1e-04,1e-04
2023-08-17,1e-04,1e-04
2023-08-18,5.04e-05,5.07066666666667e-05
2023-08-19,-1.96066666666667e-05,1.96066666666667e-05
2023-08-20,-2.542e-05,2.542e-05
2023-08-21,-1.2e-05,1.744e-05
2023-08-22,2.70666666666667e-06,1.76133333333333e-05
2023-08-23,9.88666666666667e-06,1.66866666666667e-05
2023-08-24,1.528e-05,3.40933333333333e-05
2023-08-25,2.45366666666667e-05,2.893e-05
2023-08-26,3.75e-05,3.75e-05
2023-08-27,1.769e-05,1.769e-05
2023-08-28,2.851e-05,3.11433333333333e-05
2023-08-29,-2.11366666666667e-05,5.17566666666667e-05
2023-08-30,4.84766666666667e-05,4.84766666666667e-05
2023-08-31,5.95766666666667e-05,5.95766666666667e-05
2023-09-01,4.935e-05,4.935e-05
2023-09-02,1.639e-05,2.98433333333333e-05
2023-09-03,2.65466666666667e-05,2.65466666666667e-05
2023-09-04,1.03333333333333e-05,1.73933333333333e-05
2023-09-05,1.798e-05,1.798e-05
2023-09-06,3.69666666666667e-06,2.21166666666667e-05
2023-09-07,4.879e-05,4.879e-05
2023-09-08,-9.01333333333333e-06,1.24266666666667e-05
2023-09-09,-1.337e-05,2.28566666666667e-05
2023-09-10,1.94333333333333e-05,1.992e-05
2023-09-11,1.12033333333333e-05,1.32033333333333e-05
2023-09-12,1.551e-05,3.88566666666667e-05
2023-09-13,2.23366666666667e-05,2.23366666666667e-05
2023-09-14,-2.86333333333333e-06,2.879e-05
2023-09-15,1.38633333333333e-05,3.65433333333333e-05
2023-09-16,-2.954e-05,2.954e-05
2023-09-17,8.96e-06,8.96e-06
2023-09-18,-2.23433333333333e-05,2.62033333333333e-05
2023-09-19,-4.2e-06,2.06533333333333e-05
2023-09-20,-2.46066666666667e-05,2.46066666666667e-05
2023-09-21,3.901e-05,3.92033333333333e-05
2023-09-22,1.036e-05,1.07733333333333e-05
2023-09-23,2.81366666666667e-05,2.81366666666667e-05
2023-09-24,2.072e-05,3e-05
2023-09-25,4.03233333333333e-05,4.87233333333333e-05
2023-09-26,1.67e-06,3.58366666666667e-05
2023-09-27,5.132e-05,5.132e-05
2023-09-28,-1.87966666666667e-05,2.329e-05
2023-09-29,-1.995e-05,2.31233333333333e-05
2023-09-30,1.344e-05,1.344e-05
2023-10-01,-8.62333333333333e-06,1.059e-05
2023-10-02,1.694e-05,2.67866666666667e-05
2023-10-03,2.77966666666667e-05,2.77966666666667e-05
2023-10-04,3.12466666666667e-05,5.02933333333333e-05
2023-10-05,-3.459e-05,3.459e-05
2023-10-06,-9.39666666666667e-06,1.897e-05
2023-10-07,2.352e-05,2.352e-05
2023-10-08,2.15033333333333e-05,2.15033333333333e-05
2023-10-09,5.115e-05,5.115e-05
2023-10-10,4.26366666666667e-05,4.26366666666667e-05
2023-10-11,6.85566666666667e-05,6.85566666666667e-05
2023-10-12,6.655e-05,6.655e-05
2023-10-13,2.21966666666667e-05,2.21966666666667e-05
2023-10-14,1.59066666666667e-05,1.59066666666667e-05
2023-10-15,1.669e-05,2.675e-05
2023-10-16,3.39433333333333e-05,3.39433333333333e-05
2023-10-17,-2.04666666666667e-06,1.336e-05
2023-10-18,-9.71666666666667e-06,2.06766666666667e-05
2023-10-19,-4.21933333333333e-05,4.21933333333333e-05
2023-10-20,-1.549e-05,4.63233333333333e-05
2023-10-21,2.872e-05,3.92866666666667e-05
2023-10-22,2.75366666666667e-05,2.75366666666667e-05
2023-10-23,6.16266666666667e-05,6.16266666666667e-05
2023-10-24,1e-04,1e-04
2023-10-25,1e-04,1e-04
2023-10-26,1e-04,1e-04
2023-10-27,1e-04,1e-04
2023-10-28,1e-04,1e-04
2023-10-29,1e-04,1e-04
2023-10-30,1e-04,1e-04
2023-10-31,1e-04,1e-04
2023-11-01,1e-04,1e-04
2023-11-02,1e-04,1e-04
2023-11-03,1e-04,1e-04
2023-11-04,1e-04,1e-04
2023-11-05,1e-04,1e-04
2023-11-06,1e-04,1e-04
2023-11-07,1e-04,1e-04
2023-11-08,1e-04,1e-04
2023-11-09,0.000133423333333333,0.000133423333333333
2023-11-10,0.000105606666666667,0.000105606666666667
2023-11-11,0.000137516666666667,0.000137516666666667
2023-11-12,0.00022046,0.00022046
2023-11-13,0.00021284,0.00021284
2023-11-14,0.00016076,0.00016076
2023-11-15,1e-04,1e-04
2023-11-16,0.000124043333333333,0.000124043333333333
2023-11-17,1e-04,1e-04
2023-11-18,1e-04,1e-04
2023-11-19,1e-04,1e-04
2023-11-20,1e-04,1e-04
2023-11-21,1e-04,1e-04
2023-11-22,1e-04,1e-04
2023-11-23,1e-04,1e-04
2023-11-24,1e-04,1e-04
2023-11-25,1e-04,1e-04
2023-11-26,1e-04,1e-04
2023-11-27,1e-04,1e-04
2023-11-28,1e-04,1e-04
2023-11-29,1e-04,1e-04
2023-11-30,1e-04,1e-04
2023-12-01,1e-04,1e-04
2023-12-02,8.488e-05,8.488e-05
2023-12-03,1e-04,1e-04
2023-12-04,1e-04,1e-04
2023-12-05,1e-04,1e-04
2023-12-06,1e-04,1e-04
2023-12-07,1e-04,1e-04
2023-12-08,0.000178433333333333,0.000178433333333333
2023-12-09,0.000196183333333333,0.000196183333333333
2023-12-10,0.000216766666666667,0.000216766666666667
2023-12-11,0.000115766666666667,0.000115766666666667
2023-12-12,1e-04,1e-04
2023-12-13,0.000115573333333333,0.000115573333333333
2023-12-14,1e-04,1e-04
2023-12-15,1e-04,1e-04
2023-12-16,1e-04,1e-04
2023-12-17,1e-04,1e-04
2023-12-18,0.000129886666666667,0.000129886666666667
2023-12-19,1e-04,1e-04
2023-12-20,0.000147143333333333,0.000147143333333333
2023-12-21,0.000284356666666667,0.000284356666666667
2023-12-22,0.000261423333333333,0.000261423333333333
2023-12-23,0.000137836666666667,0.000137836666666667
2023-12-24,0.000168396666666667,0.000168396666666667
2023-12-25,0.000193026666666667,0.000193026666666667
2023-12-26,0.000322356666666667,0.000322356666666667
2023-12-27,0.000326223333333333,0.000326223333333333
2023-12-28,0.00033684,0.00033684
2023-12-29,0.000507213333333333,0.000507213333333333
2023-12-30,0.000381516666666667,0.000381516666666667
2023-12-31,0.000320083333333333,0.000320083333333333
2024-01-01,0.00032741,0.00032741
2024-01-02,0.00051585,0.00051585
2024-01-03,0.00016094,0.00016094
2024-01-04,1e-04,1e-04
2024-01-05,1e-04,1e-04
2024-01-06,1e-04,1e-04
2024-01-07,1e-04,1e-04
2024-01-08,1e-04,1e-04
2024-01-09,1e-04,1e-04
2024-01-10,1e-04,1e-04
2024-01-11,1e-04,1e-04
2024-01-12,1e-04,1e-04
2024-01-13,1e-04,1e-04
2024-01-14,1e-04,1e-04
2024-01-15,1e-04,1e-04
2024-01-16,1e-04,1e-04
2024-01-17,1e-04,1e-04
2024-01-18,1e-04,1e-04
2024-01-19,1e-04,1e-04
2024-01-20,1e-04,1e-04
2024-01-21,1e-04,1e-04
2024-01-22,1e-04,1e-04
2024-01-23,1e-04,1e-04
2024-01-24,1e-04,1e-04
2024-01-25,1e-04,1e-04
2024-01-26,1e-04,1e-04
2024-01-27,9.08866666666667e-05,9.08866666666667e-05
2024-01-28,8.24166666666667e-05,8.24166666666667e-05
2024-01-29,9.714e-05,9.714e-05
2024-01-30,8.21366666666667e-05,8.21366666666667e-05
2024-01-31,7.38466666666667e-05,7.38466666666667e-05
2024-02-01,1e-04,1e-04
2024-02-02,1e-04,1e-04
2024-02-03,8.23233333333333e-05,8.23233333333333e-05
2024-02-04,9.051e-05,9.051e-05
2024-02-05,1e-04,1e-04
2024-02-06,8.90766666666667e-05,8.90766666666667e-05
2024-02-07,7.06866666666667e-05,7.06866666666667e-05
2024-02-08,6.375e-05,6.375e-05
2024-02-09,7.65366666666667e-05,7.65366666666667e-05
2024-02-10,9.347e-05,9.347e-05
2024-02-11,1e-04,1e-04
2024-02-12,1e-04,1e-04
2024-02-13,1e-04,1e-04
2024-02-14,0.00010761,0.00010761
2024-02-15,1e-04,1e-04
2024-02-16,1e-04,1e-04
2024-02-17,0.000120136666666667,0.000120136666666667
2024-02-18,0.000165466666666667,0.000165466666666667
2024-02-19,0.000186616666666667,0.000186616666666667
2024-02-20,0.000138773333333333,0.000138773333333333
2024-02-21,0.00010414,0.00010414
2024-02-22,0.000120123333333333,0.000120123333333333
2024-02-23,0.00010997,0.00010997
2024-02-24,1e-04,1e-04
2024-02-25,0.000138373333333333,0.000138373333333333
2024-02-26,0.00025185,0.00025185
2024-02-27,0.00042916,0.00042916
2024-02-28,0.000346496666666667,0.000346496666666667
2024-02-29,0.000674863333333333,0.000674863333333333
2024-03-01,0.000547186666666667,0.000547186666666667
2024-03-02,0.000489986666666667,0.000489986666666667
2024-03-03,0.00044618,0.00044618
2024-03-04,0.000551746666666667,0.000551746666666667
2024-03-05,0.00073359,0.00073359
2024-03-06,0.000398366666666667,0.000398366666666667
2024-03-07,0.000418373333333333,0.000418373333333333
2024-03-08,0.000470763333333333,0.000470763333333333
2024-03-09,0.000256073333333333,0.000256073333333333
2024-03-10,0.000496466666666667,0.000496466666666667
2024-03-11,0.000601043333333333,0.000601043333333333
2024-03-12,0.000459016666666667,0.000459016666666667
2024-03-13,0.00047682,0.00047682
2024-03-14,0.000338013333333333,0.000338013333333333
2024-03-15,0.000227163333333333,0.000227163333333333
2024-03-16,0.00018005,0.00018005
2024-03-17,0.00018563,0.00018563
2024-03-18,0.00025991,0.00025991
2024-03-19,0.000266686666666667,0.000266686666666667
2024-03-20,0.00014745,0.00014745
2024-03-21,0.000164056666666667,0.000164056666666667
2024-03-22,0.000127546666666667,0.000127546666666667
2024-03-23,0.000102686666666667,0.000102686666666667
2024-03-24,0.00013617,0.00013617
2024-03-25,0.000235626666666667,0.000235626666666667
2024-03-26,0.000223583333333333,0.000223583333333333
2024-03-27,0.000339796666666667,0.000339796666666667
2024-03-28,0.000278413333333333,0.000278413333333333
2024-03-29,0.000246253333333333,0.000246253333333333
2024-03-30,0.000287503333333333,0.000287503333333333
2024-03-31,0.000375136666666667,0.000375136666666667
2024-04-01,0.00043707,0.00043707
2024-04-02,0.000124606666666667,0.000124606666666667
2024-04-03,1e-04,1e-04
2024-04-04,1e-04,1e-04
2024-04-05,1e-04,1e-04
2024-04-06,1e-04,1e-04
2024-04-07,1e-04,1e-04
2024-04-08,0.000183963333333333,0.000183963333333333
2024-04-09,0.00020193,0.00020193
2024-04-10,0.00011462,0.00011462
2024-04-11,0.00017965,0.00017965
2024-04-12,0.000163673333333333,0.000163673333333333
2024-04-13,1e-04,1e-04
2024-04-14,1e-04,1e-04
2024-04-15,7.253e-05,7.253e-05
2024-04-16,6.33033333333333e-05,6.33033333333333e-05
2024-04-17,5.49433333333333e-05,5.49433333333333e-05
2024-04-18,3.195e-05,5.41766666666667e-05
2024-04-19,3.13366666666667e-05,5.21366666666667e-05
2024-04-20,4.47933333333333e-05,4.99e-05
2024-04-21,3.12133333333333e-05,4.51666666666667e-05
2024-04-22,2.60133333333333e-05,2.60133333333333e-05
2024-04-23,9.73666666666667e-06,2.51966666666667e-05
2024-04-24,4.58733333333333e-05,4.58733333333333e-05
2024-04-25,4.07633333333333e-05,4.07633333333333e-05
2024-04-26,2.652e-05,2.652e-05
2024-04-27,6.768e-05,6.768e-05
2024-04-28,5.69e-06,1.95633333333333e-05
2024-04-29,4.948e-05,4.948e-05
2024-04-30,9.63133333333333e-05,9.63133333333333e-05
2024-05-01,9.616e-05,9.616e-05
2024-05-02,4.22666666666667e-05,4.30866666666667e-05
2024-05-03,9.26e-06,4.468e-05
2024-05-04,5.47433333333333e-05,5.47433333333333e-05
2024-05-05,3.81533333333333e-05,3.81533333333333e-05
2024-05-06,2.439e-05,3.12633333333333e-05
2024-05-07,5.55766666666667e-05,5.55766666666667e-05
2024-05-08,6.57866666666667e-05,6.57866666666667e-05
2024-05-09,5.40533333333333e-05,5.40533333333333e-05
2024-05-10,4.871e-05,4.871e-05
2024-05-11,5.90633333333333e-05,5.90633333333333e-05
2024-05-12,5.14466666666667e-05,5.14466666666667e-05
2024-05-13,9.20666666666667e-05,9.20666666666667e-05
2024-05-14,8.086e-05,8.086e-05
2024-05-15,3.996e-05,4.25266666666667e-05
2024-05-16,3.598e-05,3.598e-05
2024-05-17,1.72133333333333e-05,1.92e-05
2024-05-18,2.616e-05,3.144e-05
2024-05-19,4.44266666666667e-05,4.44266666666667e-05
2024-05-20,3.546e-05,3.546e-05
2024-05-21,0.000101723333333333,0.000101723333333333
2024-05-22,0.000119196666666667,0.000119196666666667
2024-05-23,1e-04,1e-04
2024-05-24,1e-04,1e-04
2024-05-25,1e-04,1e-04
2024-05-26,1e-04,1e-04
2024-05-27,1e-04,1e-04
2024-05-28,1e-04,1e-04
2024-05-29,0.000108526666666667,0.000108526666666667
2024-05-30,1e-04,1e-04
2024-05-31,0.00012289,0.00012289
2024-06-01,0.000100833333333333,0.000100833333333333
2024-06-02,1e-04,1e-04
2024-06-03,0.000113783333333333,0.000113783333333333
2024-06-04,0.000106693333333333,0.000106693333333333
2024-06-05,0.000132043333333333,0.000132043333333333
2024-06-06,0.00010736,0.00010736
2024-06-07,0.000100553333333333,0.000100553333333333
2024-06-08,1e-04,1e-04
2024-06-09,1e-04,1e-04
2024-06-10,1e-04,1e-04
2024-06-11,1e-04,1e-04
2024-06-12,1e-04,1e-04
2024-06-13,1e-04,1e-04
2024-06-14,1e-04,1e-04
2024-06-15,1e-04,1e-04
2024-06-16,1e-04,1e-04
2024-06-17,1e-04,1e-04
2024-06-18,9.412e-05,9.412e-05
2024-06-19,5.698e-05,5.698e-05
2024-06-20,5.58866666666667e-05,5.58866666666667e-05
2024-06-21,6.89066666666667e-05,6.89066666666667e-05
2024-06-22,8.04866666666667e-05,8.04866666666667e-05
2024-06-23,5.661e-05,5.661e-05
2024-06-24,9.00733333333333e-05,9.00733333333333e-05
2024-06-25,7.04933333333333e-05,7.04933333333333e-05
2024-06-26,1e-04,1e-04
2024-06-27,1e-04,1e-04
2024-06-28,1e-04,1e-04
2024-06-29,1e-04,1e-04
2024-06-30,1e-04,1e-04
2024-07-01,1e-04,1e-04
2024-07-02,1e-04,1e-04
2024-07-03,1e-04,1e-04
2024-07-04,1e-04,1e-04
2024-07-05,7.254e-05,7.254e-05
2024-07-06,5.497e-05,5.497e-05
2024-07-07,9.388e-05,9.388e-05
2024-07-08,8.709e-05,8.709e-05
2024-07-09,6.95366666666667e-05,6.95366666666667e-05
2024-07-10,8.23666666666667e-05,8.23666666666667e-05
2024-07-11,1e-04,1e-04
2024-07-12,4.48033333333333e-05,4.48033333333333e-05
2024-07-13,8.39466666666667e-05,8.39466666666667e-05
2024-07-14,6.92966666666667e-05,6.92966666666667e-05
2024-07-15,2.426e-05,2.76866666666667e-05
2024-07-16,2.15633333333333e-05,5.531e-05
2024-07-17,1.66333333333333e-06,2.44566666666667e-05
2024-07-18,1.78733333333333e-05,1.78733333333333e-05
2024-07-19,4.49666666666667e-05,4.49666666666667e-05
2024-07-20,1.63e-06,2.21433333333333e-05
2024-07-21,-8.24333333333333e-06,2.71766666666667e-05
2024-07-22,5.95266666666667e-05,5.95266666666667e-05
2024-07-23,4.55366666666667e-05,4.55366666666667e-05
2024-07-24,1e-04,1e-04
2024-07-25,1e-04,1e-04
2024-07-26,7.78e-05,7.78e-05
2024-07-27,7.89266666666667e-05,7.89266666666667e-05
2024-07-28,6.72033333333333e-05,6.72033333333333e-05
2024-07-29,7.99466666666667e-05,7.99466666666667e-05
2024-07-30,4.883e-05,4.883e-05
2024-07-31,4.689e-05,4.689e-05
2024-08-01,9.40266666666667e-05,9.40266666666667e-05
2024-08-02,1e-04,1e-04
2024-08-03,8.01166666666667e-05,8.01166666666667e-05
2024-08-04,8.44766666666667e-05,8.44766666666667e-05
2024-08-05,6.79866666666667e-05,6.79866666666667e-05
2024-08-06,1.73533333333333e-05,3.632e-05
2024-08-07,-1.44933333333333e-05,3.61e-05
2024-08-08,2.29e-05,2.29e-05
2024-08-09,4.008e-05,4.008e-05
2024-08-10,-2.42333333333333e-05,2.42333333333333e-05
2024-08-11,1.13166666666667e-05,2.35766666666667e-05
2024-08-12,2.55266666666667e-05,4.04466666666667e-05
2024-08-13,9.19666666666667e-06,3.521e-05
2024-08-14,-2.663e-05,3.431e-05
2024-08-15,-2.77666666666667e-05,7.00266666666667e-05
2024-08-16,-6.393e-05,6.393e-05
2024-08-17,1.979e-05,2.08033333333333e-05
2024-08-18,-1.68666666666667e-06,2.81266666666667e-05
2024-08-19,-4.10766666666667e-05,4.10766666666667e-05
2024-08-20,3.73333333333333e-07,1.808e-05
2024-08-21,-2.317e-05,2.581e-05
2024-08-22,-2.71733333333333e-05,3.60933333333333e-05
2024-08-23,-1.75166666666667e-05,3.34566666666667e-05
2024-08-24,1.63333333333333e-05,2.63e-05
2024-08-25,-1.07633333333333e-05,3.14833333333333e-05
2024-08-26,3.22533333333333e-05,3.22533333333333e-05
2024-08-27,4.09966666666667e-05,4.09966666666667e-05
2024-08-28,-1.07566666666667e-05,3.45966666666667e-05
2024-08-29,-6.87e-06,1.05966666666667e-05
2024-08-30,2.48033333333333e-05,2.48033333333333e-05
2024-08-31,1.87633333333333e-05,3.04233333333333e-05
2024-09-01,9.96666666666668e-07,2.64233333333333e-05
2024-09-02,-1.167e-05,1.33233333333333e-05
2024-09-03,5.322e-05,5.322e-05
2024-09-04,5.96333333333333e-06,1.57633333333333e-05
2024-09-05,4.51033333333333e-05,4.51033333333333e-05
2024-09-06,1.23566666666667e-05,1.23633333333333e-05
2024-09-07,-5.14233333333333e-05,5.14233333333333e-05
2024-09-08,-2.49966666666667e-05,4.99633333333333e-05
2024-09-09,-6.18933333333333e-05,6.18933333333333e-05
2024-09-10,-3.36133333333333e-05,3.36133333333333e-05
2024-09-11,-5.47066666666667e-05,5.47066666666667e-05
2024-09-12,-1.81566666666667e-05,1.81566666666667e-05
2024-09-13,-1.127e-05,1.127e-05
2024-09-14,-1.838e-05,3.96133333333333e-05
2024-09-15,-2.93333333333334e-07,2.98e-06
2024-09-16,4.24266666666667e-05,4.24266666666667e-05
2024-09-17,5.25566666666667e-05,5.25566666666667e-05
2024-09-18,2.55666666666667e-05,2.55666666666667e-05
2024-09-19,3.511e-05,3.511e-05
2024-09-20,4.36833333333333e-05,4.70366666666667e-05
2024-09-21,7.624e-05,7.624e-05
2024-09-22,7.02533333333333e-05,7.02533333333333e-05
2024-09-23,4.40466666666667e-05,4.40466666666667e-05
2024-09-24,1.679e-05,1.80033333333333e-05
2024-09-25,1.23333333333333e-05,1.23333333333333e-05
2024-09-26,5.96533333333333e-05,5.96533333333333e-05
2024-09-27,6.33233333333333e-05,6.33233333333333e-05
2024-09-28,5.05633333333333e-05,5.05633333333333e-05
2024-09-29,3.702e-05,3.702e-05
2024-09-30,7.00533333333333e-05,7.00533333333333e-05
2024-10-01,1e-04,1e-04
2024-10-02,7.744e-05,7.744e-05
2024-10-03,4.37233333333333e-05,4.37233333333333e-05
2024-10-04,3.153e-05,3.153e-05
2024-10-05,1.17666666666667e-06,1.18166666666667e-05
2024-10-06,2.68e-05,2.68e-05
2024-10-07,1.93266666666667e-05,2.56733333333333e-05
2024-10-08,4.50533333333333e-05,5.624e-05
2024-10-09,7.69233333333333e-05,7.69233333333333e-05
2024-10-10,4.54066666666667e-05,4.54066666666667e-05
2024-10-11,1.59e-06,1.40833333333333e-05
2024-10-12,3.57766666666667e-05,4.57033333333333e-05
2024-10-13,2.08966666666667e-05,2.08966666666667e-05
2024-10-14,8.47633333333333e-05,8.47633333333333e-05
2024-10-15,1e-04,1e-04
2024-10-16,8.94166666666667e-05,8.94166666666667e-05
2024-10-17,1e-04,1e-04
2024-10-18,1e-04,1e-04
2024-10-19,1e-04,1e-04
2024-10-20,1e-04,1e-04
2024-10-21,1e-04,1e-04
2024-10-22,1e-04,1e-04
2024-10-23,1e-04,1e-04
2024-10-24,1e-04,1e-04
2024-10-25,1e-04,1e-04
2024-10-26,7.44133333333333e-05,7.44133333333333e-05
2024-10-27,9.908e-05,9.908e-05
2024-10-28,9.457e-05,9.457e-05
2024-10-29,1e-04,1e-04
2024-10-30,1e-04,1e-04
2024-10-31,1e-04,1e-04
2024-11-01,1e-04,1e-04
2024-11-02,1e-04,1e-04
2024-11-03,1e-04,1e-04
2024-11-04,1e-04,1e-04
2024-11-05,1e-04,1e-04
2024-11-06,1e-04,1e-04
2024-11-07,1e-04,1e-04
2024-11-08,1e-04,1e-04
2024-11-09,1e-04,1e-04
2024-11-10,0.00016572,0.00016572
2024-11-11,0.000189593333333333,0.000189593333333333
2024-11-12,0.000438746666666667,0.000438746666666667
2024-11-13,0.000149856666666667,0.000149856666666667
2024-11-14,1e-04,1e-04
2024-11-15,0.000103256666666667,0.000103256666666667
2024-11-16,0.00011077,0.00011077
2024-11-17,0.00012114,0.00012114
2024-11-18,0.000225893333333333,0.000225893333333333
2024-11-19,0.000232603333333333,0.000232603333333333
2024-11-20,1e-04,1e-04
2024-11-21,1e-04,1e-04
2024-11-22,1e-04,1e-04
2024-11-23,1e-04,1e-04
2024-11-24,0.000164586666666667,0.000164586666666667
2024-11-25,0.00018756,0.00018756
2024-11-26,0.000231456666666667,0.000231456666666667
2024-11-27,0.000193333333333333,0.000193333333333333
2024-11-28,0.000120616666666667,0.000120616666666667
2024-11-29,0.000180956666666667,0.000180956666666667
2024-11-30,0.000126573333333333,0.000126573333333333
2024-12-01,0.000151606666666667,0.000151606666666667
2024-12-02,0.00021223,0.00021223
2024-12-03,0.000165523333333333,0.000165523333333333
2024-12-04,0.00025374,0.00025374
2024-12-05,0.000490433333333333,0.000490433333333333
2024-12-06,0.000115446666666667,0.000115446666666667
2024-12-07,0.000194786666666667,0.000194786666666667
2024-12-08,0.000170456666666667,0.000170456666666667
2024-12-09,0.000208533333333333,0.000208533333333333
2024-12-10,1e-04,1e-04
2024-12-11,1e-04,1e-04
2024-12-12,1e-04,1e-04
2024-12-13,1e-04,1e-04
2024-12-14,8.91666666666667e-05,8.91666666666667e-05
2024-12-15,9.398e-05,9.398e-05
2024-12-16,9.727e-05,9.727e-05
2024-12-17,9.28866666666667e-05,9.28866666666667e-05
2024-12-18,9.71966666666667e-05,9.71966666666667e-05
2024-12-19,1e-04,1e-04
2024-12-20,1e-04,1e-04
2024-12-21,7.06866666666667e-05,7.06866666666667e-05
2024-12-22,9.87633333333333e-05,9.87633333333333e-05
2024-12-23,9.66033333333333e-05,9.66033333333333e-05
2024-12-24,1e-04,1e-04
2024-12-25,1e-04,1e-04
2024-12-26,8.62166666666667e-05,8.62166666666667e-05
2024-12-27,1e-04,1e-04
2024-12-28,7.604e-05,7.604e-05
2024-12-29,9.33766666666667e-05,9.33766666666667e-05
2024-12-30,6.24966666666667e-05,6.27766666666667e-05
2024-12-31,1e-04,1e-04
2025-01-01,1e-04,1e-04
2025-01-02,1e-04,1e-04
2025-01-03,8.414e-05,8.414e-05
2025-01-04,6.16566666666667e-05,6.16566666666667e-05
2025-01-05,9.44e-05,9.44e-05
2025-01-06,1e-04,1e-04
2025-01-07,9.06066666666667e-05,9.06066666666667e-05
2025-01-08,1e-04,1e-04
2025-01-09,6.43e-05,6.79266666666667e-05
2025-01-10,3.66133333333333e-05,4.368e-05
2025-01-11,4.11433333333333e-05,4.11433333333333e-05
2025-01-12,4.95533333333333e-05,4.95533333333333e-05
2025-01-13,4.37866666666667e-05,4.37866666666667e-05
2025-01-14,9.832e-05,9.832e-05
2025-01-15,6.54266666666667e-05,6.54266666666667e-05
2025-01-16,4.298e-05,4.298e-05
2025-01-17,5.805e-05,5.805e-05
2025-01-18,8.90233333333333e-05,8.90233333333333e-05
2025-01-19,1e-04,1e-04
2025-01-20,1e-04,1e-04
2025-01-21,1e-04,1e-04
2025-01-22,1e-04,1e-04
2025-01-23,9.09e-05,9.09e-05
2025-01-24,5.80366666666667e-05,5.80366666666667e-05
2025-01-25,7.32633333333333e-05,7.32633333333333e-05
2025-01-26,8.93533333333333e-05,8.93533333333333e-05
2025-01-27,4.298e-05,4.298e-05
2025-01-28,7.854e-05,7.854e-05
2025-01-29,9.983e-05,9.983e-05
2025-01-30,9.02966666666667e-05,9.02966666666667e-05
2025-01-31,7.075e-05,7.075e-05
2025-02-01,6.47833333333333e-05,6.47833333333333e-05
2025-02-02,2.781e-05,3.355e-05
2025-02-03,8.28166666666667e-05,8.28166666666667e-05
2025-02-04,4.51666666666667e-05,4.51666666666667e-05
2025-02-05,1.97433333333333e-05,2.28166666666667e-05
2025-02-06,2.617e-05,2.77566666666667e-05
2025-02-07,6.713e-05,6.713e-05
2025-02-08,-8.79666666666667e-06,1.85366666666667e-05
2025-02-09,5.43733333333333e-05,5.43733333333333e-05
2025-02-10,6.145e-05,6.145e-05
2025-02-11,2.954e-05,4.58466666666667e-05
2025-02-12,3.719e-05,3.719e-05
2025-02-13,4.974e-05,4.974e-05
2025-02-14,5.56766666666667e-05,5.56766666666667e-05
2025-02-15,2.36233333333333e-05,2.36233333333333e-05
2025-02-16,2.457e-05,2.457e-05
2025-02-17,4.88166666666667e-05,4.88166666666667e-05
2025-02-18,9.82933333333333e-05,9.82933333333333e-05
2025-02-19,7.91533333333333e-05,7.91533333333333e-05
2025-02-20,4.345e-05,4.345e-05
2025-02-21,7.70666666666667e-06,8.35333333333333e-06
2025-02-22,6.26133333333333e-05,6.26133333333333e-05
2025-02-23,2.91e-05,2.91e-05
2025-02-24,1.987e-05,3.967e-05
2025-02-25,5.54333333333333e-05,5.54333333333333e-05
2025-02-26,6.50866666666667e-05,6.50866666666667e-05
2025-02-27,6.04033333333333e-05,6.45166666666667e-05
2025-02-28,6.19733333333333e-05,6.446e-05
2025-03-01,-2.32666666666667e-05,2.32666666666667e-05
2025-03-02,-2.24866666666667e-05,2.24866666666667e-05
2025-03-03,1.81666666666667e-06,3.86033333333333e-05
2025-03-04,-1.63333333333333e-06,1.034e-05
2025-03-05,3.95433333333333e-05,3.95433333333333e-05
2025-03-06,5.58966666666667e-05,5.58966666666667e-05
2025-03-07,-4.1e-07,1.393e-05
2025-03-08,2.303e-05,2.303e-05
2025-03-09,3.47966666666667e-05,5.33233333333333e-05
2025-03-10,3.111e-05,3.111e-05
2025-03-11,5.57033333333333e-05,5.57033333333333e-05
2025-03-12,3.468e-05,3.468e-05
2025-03-13,1.89633333333333e-05,1.89633333333333e-05
2025-03-14,3.69133333333333e-05,3.69133333333333e-05
2025-03-15,-2.915e-05,2.915e-05
2025-03-16,1.97166666666667e-05,1.97166666666667e-05
2025-03-17,3.466e-05,3.466e-05
2025-03-18,2.092e-05,2.092e-05
2025-03-19,3.72833333333333e-05,3.72833333333333e-05
2025-03-20,2.27333333333333e-05,2.27333333333333e-05
2025-03-21,3.15233333333333e-05,3.15233333333333e-05
2025-03-22,2.05266666666667e-05,3.23266666666667e-05
2025-03-23,1.97833333333333e-05,2.101e-05
2025-03-24,1.37633333333333e-05,3.65766666666667e-05
2025-03-25,-9.57666666666667e-06,1.72433333333333e-05
2025-03-26,-1.471e-05,2.577e-05
2025-03-27,1.62933333333333e-05,4.136e-05
2025-03-28,3.08166666666667e-05,3.38633333333333e-05
2025-03-29,5.36933333333333e-05,5.36933333333333e-05
2025-03-30,1.78533333333333e-05,1.78533333333333e-05
2025-03-31,3.50266666666667e-05,3.50266666666667e-05
2025-04-01,3.47433333333333e-05,3.47433333333333e-05
2025-04-02,5.52333333333333e-06,1.96033333333333e-05
2025-04-03,5.79466666666667e-05,5.79466666666667e-05
2025-04-04,5.68566666666667e-05,5.68566666666667e-05
2025-04-05,5.468e-05,5.468e-05
2025-04-06,1.66033333333333e-05,2.06233333333333e-05
2025-04-07,5.60033333333333e-05,5.60033333333333e-05
2025-04-08,3.59433333333333e-05,3.59433333333333e-05
2025-04-09,4.724e-05,6.22533333333333e-05
2025-04-10,4.86466666666667e-05,4.86466666666667e-05
2025-04-11,3.53666666666667e-06,3.21633333333333e-05
2025-04-12,4.894e-05,4.894e-05
2025-04-13,7.70933333333333e-05,7.70933333333333e-05
2025-04-14,5.88933333333333e-05,5.88933333333333e-05
2025-04-15,2.13866666666667e-05,3.52066666666667e-05
2025-04-16,3.77433333333333e-05,3.77433333333333e-05
2025-04-17,3.50266666666667e-05,3.50266666666667e-05
2025-04-18,3.95133333333333e-05,3.95133333333333e-05
2025-04-19,2.33366666666667e-05,3.63566666666667e-05
2025-04-20,-1.21133333333333e-05,1.21133333333333e-05
2025-04-21,4.06266666666667e-05,4.06266666666667e-05
2025-04-22,-1.33333333333333e-07,5.17933333333333e-05
2025-04-23,1.524e-05,2.45e-05
2025-04-24,1.24666666666667e-06,3.34866666666667e-05
2025-04-25,-4.91333333333333e-06,6.84666666666667e-06
2025-04-26,-3.33466666666667e-05,5.238e-05
2025-04-27,-8.60333333333333e-06,8.60333333333333e-06
2025-04-28,-1.734e-05,2.14666666666667e-05
2025-04-29,3.15e-06,8.30333333333334e-06
2025-04-30,-2.013e-05,3.97233333333333e-05
2025-05-01,4.15333333333334e-06,5.76733333333333e-05
2025-05-02,-0.00010101,0.00010101
2025-05-03,-1.41266666666667e-05,3.54466666666667e-05
2025-05-04,2.448e-05,2.448e-05
2025-05-05,-3.38333333333333e-06,2.76233333333333e-05
2025-05-06,2.39166666666667e-05,2.39166666666667e-05
2025-05-07,8.37666666666667e-06,8.54333333333333e-06
2025-05-08,4.218e-05,4.218e-05
2025-05-09,8.126e-05,8.126e-05
2025-05-10,7.97133333333333e-05,7.97133333333333e-05
2025-05-11,8.05e-05,8.05e-05
2025-05-12,5.585e-05,5.585e-05
2025-05-13,8.03433333333333e-05,8.03433333333333e-05
2025-05-14,6.87933333333333e-05,6.87933333333333e-05
2025-05-15,3.251e-05,3.251e-05
2025-05-16,5.60233333333333e-05,5.60233333333333e-05
2025-05-17,2.25266666666667e-05,2.25266666666667e-05
2025-05-18,7.54833333333334e-05,7.54833333333334e-05
2025-05-19,4.71333333333333e-05,4.71333333333333e-05
2025-05-20,5.58366666666667e-05,5.58366666666667e-05
2025-05-21,7.011e-05,7.011e-05
2025-05-22,1e-04,1e-04
2025-05-23,8.39866666666667e-05,8.39866666666667e-05
2025-05-24,5.317e-05,5.317e-05
2025-05-25,6.186e-05,6.186e-05
2025-05-26,9.03766666666667e-05,9.03766666666667e-05
2025-05-27,5.79733333333333e-05,5.79733333333333e-05
2025-05-28,3.59733333333333e-05,3.59733333333333e-05
2025-05-29,4.79233333333333e-05,4.79233333333333e-05
2025-05-30,4.621e-05,4.621e-05
2025-05-31,6.915e-05,6.915e-05
2025-06-01,1.95666666666667e-05,2.34466666666667e-05
2025-06-02,3.13933333333333e-05,3.56733333333333e-05
2025-06-03,5.17566666666667e-05,5.17566666666667e-05
2025-06-04,1.18733333333333e-05,1.19466666666667e-05
2025-06-05,2.70033333333333e-05,2.70033333333333e-05
2025-06-06,-3.172e-05,3.172e-05
2025-06-07,-1.918e-05,2.114e-05
2025-06-08,2.273e-05,4.67433333333333e-05
2025-06-09,1.639e-05,3.08166666666667e-05
2025-06-10,8.17966666666667e-05,8.17966666666667e-05
2025-06-11,7.40266666666667e-05,7.40266666666667e-05
2025-06-12,3.43366666666667e-05,3.43366666666667e-05
2025-06-13,5.95333333333333e-06,1.976e-05
2025-06-14,2.317e-05,2.317e-05
2025-06-15,1.72233333333333e-05,4.14966666666667e-05
2025-06-16,2.933e-05,2.933e-05
2025-06-17,3.278e-05,3.278e-05
2025-06-18,2.87833333333333e-05,4.04633333333333e-05
2025-06-19,1.28566666666667e-05,1.28566666666667e-05
2025-06-20,4.609e-05,4.609e-05
2025-06-21,4.45e-05,4.45e-05
2025-06-22,5.676e-05,5.676e-05
2025-06-23,3.39666666666667e-06,2.91966666666667e-05
2025-06-24,9.7e-06,9.7e-06
2025-06-25,1.78333333333333e-06,2.29433333333333e-05
2025-06-26,1.54266666666667e-05,1.54266666666667e-05
2025-06-27,2.111e-05,2.111e-05
2025-06-28,3.10866666666667e-05,3.88266666666667e-05
2025-06-29,5.53666666666667e-05,5.53666666666667e-05
2025-06-30,2.98866666666667e-05,2.98866666666667e-05
2025-07-01,2.16533333333333e-05,2.16533333333333e-05
2025-07-02,3.11333333333333e-05,3.11333333333333e-05
2025-07-03,4.487e-05,4.487e-05
2025-07-04,4.012e-05,4.012e-05
2025-07-05,2.70866666666667e-05,2.70866666666667e-05
2025-07-06,1.54466666666667e-05,1.54466666666667e-05
2025-07-07,3.35633333333333e-05,3.35633333333333e-05
2025-07-08,3.079e-05,3.079e-05
2025-07-09,3.58066666666667e-05,3.58066666666667e-05
2025-07-10,6.81033333333333e-05,6.81033333333333e-05
2025-07-11,1e-04,1e-04
2025-07-12,1e-04,1e-04
2025-07-13,1e-04,1e-04
2025-07-14,9.35033333333333e-05,9.35033333333333e-05
2025-07-15,1e-04,1e-04
2025-07-16,1e-04,1e-04
2025-07-17,1e-04,1e-04
2025-07-18,1e-04,1e-04
2025-07-19,1e-04,1e-04
2025-07-20,1e-04,1e-04
2025-07-21,1e-04,1e-04
2025-07-22,1e-04,1e-04
2025-07-23,1e-04,1e-04
2025-07-24,1e-04,1e-04
2025-07-25,1e-04,1e-04
2025-07-26,1e-04,1e-04
2025-07-27,1e-04,1e-04
2025-07-28,1e-04,1e-04
2025-07-29,1e-04,1e-04
2025-07-30,1e-04,1e-04
2025-07-31,8.56466666666667e-05,8.56466666666667e-05
2025-08-01,1.94066666666667e-05,2.87933333333333e-05
2025-08-02,3.38033333333333e-05,3.38033333333333e-05
2025-08-03,5.89e-05,5.89e-05
2025-08-04,4.60633333333333e-05,4.60633333333333e-05
2025-08-05,6.82466666666667e-05,6.82466666666667e-05
2025-08-06,7.57833333333333e-05,7.57833333333333e-05
2025-08-07,6.23066666666667e-05,6.23066666666667e-05
2025-08-08,4.035e-05,4.035e-05
2025-08-09,7.691e-05,7.691e-05
2025-08-10,9.94966666666667e-05,9.94966666666667e-05
2025-08-11,1e-04,1e-04
2025-08-12,8.84366666666667e-05,8.84366666666667e-05
2025-08-13,9.041e-05,9.041e-05
2025-08-14,1e-04,1e-04
2025-08-15,4.55033333333333e-05,4.55033333333333e-05
2025-08-16,8.71366666666667e-05,8.71366666666667e-05
2025-08-17,4.916e-05,4.916e-05
2025-08-18,2.48666666666667e-05,2.94133333333333e-05
2025-08-19,5.522e-05,5.522e-05
2025-08-20,3.61433333333333e-05,3.61433333333333e-05
2025-08-21,5.438e-05,5.438e-05
2025-08-22,7.721e-05,7.721e-05
2025-08-23,9.90366666666667e-05,9.90366666666667e-05
2025-08-24,1e-04,1e-04
2025-08-25,9.448e-05,9.448e-05
2025-08-26,6.14066666666667e-05,6.14066666666667e-05
2025-08-27,3.60033333333333e-05,3.60033333333333e-05
2025-08-28,7.50066666666667e-05,7.50066666666667e-05
2025-08-29,3.587e-05,3.587e-05
2025-08-30,7.848e-05,7.848e-05
2025-08-31,4.50566666666667e-05,5.327e-05
2025-09-01,6.541e-05,6.541e-05
2025-09-02,7.369e-05,7.369e-05
2025-09-03,2.746e-05,2.746e-05
2025-09-04,4.71133333333333e-05,4.71133333333333e-05
2025-09-05,8.468e-05,8.468e-05
2025-09-06,4.02233333333333e-05,4.02233333333333e-05
2025-09-07,4.18333333333333e-05,4.18333333333333e-05
2025-09-08,7.799e-05,7.799e-05
2025-09-09,7.933e-05,7.933e-05
2025-09-10,6.94366666666667e-05,6.94366666666667e-05
2025-09-11,4.484e-05,4.484e-05
2025-09-12,5.59866666666667e-05,5.59866666666667e-05
2025-09-13,1.278e-05,2.314e-05
2025-09-14,5.359e-05,5.359e-05
2025-09-15,7.55166666666667e-05,7.55166666666667e-05
2025-09-16,4.82e-05,4.82e-05
2025-09-17,7.23866666666667e-05,7.23866666666667e-05
2025-09-18,6.02566666666667e-05,6.02566666666667e-05
2025-09-19,2.38066666666667e-05,2.53466666666667e-05
2025-09-20,9.08e-06,1.59666666666667e-05
2025-09-21,3.27666666666667e-06,3.87566666666667e-05
2025-09-22,4.41533333333333e-05,4.41533333333333e-05
2025-09-23,7.20766666666667e-05,7.20766666666667e-05
2025-09-24,5.649e-05,5.649e-05
2025-09-25,3.69e-05,3.83666666666667e-05
2025-09-26,5.073e-05,5.073e-05
2025-09-27,3.74533333333333e-05,3.752e-05
2025-09-28,4.517e-05,4.517e-05
2025-09-29,1.216e-05,1.216e-05
2025-09-30,3.61e-05,3.61e-05
2025-10-01,5.604e-05,5.604e-05
2025-10-02,9.109e-05,9.109e-05
2025-10-03,9.97533333333333e-05,9.97533333333333e-05
2025-10-04,9.43733333333333e-05,9.43733333333333e-05
2025-10-05,9.40466666666667e-05,9.40466666666667e-05
2025-10-06,7.737e-05,7.737e-05
2025-10-07,8.26733333333333e-05,8.26733333333333e-05
2025-10-08,5.97933333333333e-05,5.97933333333333e-05
2025-10-09,2.71633333333333e-05,2.71633333333333e-05
2025-10-10,1.89233333333333e-05,1.89233333333333e-05
2025-10-11,6.82233333333333e-05,6.82233333333333e-05
2025-10-12,-3.70166666666667e-05,5.61166666666667e-05
2025-10-13,-1.24266666666667e-05,2.922e-05
2025-10-14,-2.609e-05,3.08366666666667e-05
2025-10-15,-4.09e-06,3.20766666666667e-05
2025-10-16,-2.65833333333333e-05,2.65833333333333e-05
2025-10-17,-4.03333333333333e-06,4.03333333333333e-06
2025-10-18,-4.95866666666667e-05,4.95866666666667e-05
2025-10-19,9.62666666666667e-06,1.90333333333333e-05
2025-10-20,-9.6e-06,9.6e-06
2025-10-21,-1.95033333333333e-05,3.43166666666667e-05
2025-10-22,1.31166666666667e-05,4.11966666666667e-05
2025-10-23,5.17233333333333e-05,5.17233333333333e-05
2025-10-24,2.79933333333333e-05,2.79933333333333e-05
2025-10-25,4.02466666666667e-05,4.02466666666667e-05
2025-10-26,3.114e-05,3.114e-05
2025-10-27,9.10133333333333e-05,9.10133333333333e-05
2025-10-28,5.619e-05,5.619e-05
2025-10-29,2.853e-05,2.87433333333333e-05
2025-10-30,2.70266666666667e-05,2.70266666666667e-05
2025-10-31,6.73766666666667e-05,6.73766666666667e-05
2025-11-01,9.92733333333333e-05,9.92733333333333e-05
2025-11-02,7.32833333333333e-05,7.32833333333333e-05
2025-11-03,6.09333333333333e-05,6.09333333333333e-05
2025-11-04,7.38233333333333e-05,7.38233333333333e-05
2025-11-05,4.25966666666667e-05,4.25966666666667e-05
2025-11-06,5.465e-05,5.465e-05
2025-11-07,5.85433333333333e-05,5.85433333333333e-05
2025-11-08,4.85433333333333e-05,4.85433333333333e-05
2025-11-09,3.83166666666667e-05,4.925e-05
2025-11-10,7.068e-05,7.068e-05
2025-11-11,1.95533333333333e-05,3.80533333333333e-05
2025-11-12,2.97833333333333e-05,2.97833333333333e-05
2025-11-13,5.959e-05,5.959e-05
2025-11-14,8.92433333333333e-05,8.92433333333333e-05
2025-11-15,8.14333333333333e-05,8.14333333333333e-05
2025-11-16,8.26833333333333e-05,8.26833333333333e-05
2025-11-17,8.92533333333333e-05,8.92533333333333e-05
2025-11-18,7.90833333333333e-05,7.90833333333333e-05
2025-11-19,5.496e-05,5.496e-05
2025-11-20,7.75266666666667e-05,7.75266666666667e-05
2025-11-21,3.81266666666667e-05,3.81266666666667e-05
2025-11-22,4.38833333333333e-05,4.38833333333333e-05
2025-11-23,1.024e-05,1.61933333333333e-05
2025-11-24,1.63466666666667e-05,1.728e-05
2025-11-25,-2.10433333333333e-05,3.435e-05
2025-11-26,3.00233333333333e-05,3.28166666666667e-05
2025-11-27,1.47766666666667e-05,3.21033333333333e-05
2025-11-28,2.025e-05,3.16033333333333e-05
2025-11-29,8.10333333333333e-06,2.13166666666667e-05
2025-11-30,4.506e-05,4.506e-05
2025-12-01,2.74566666666667e-05,2.74566666666667e-05
2025-12-02,1.87766666666667e-05,2.55033333333333e-05
2025-12-03,5.29666666666667e-06,2.27433333333333e-05
2025-12-04,3.656e-05,3.91933333333333e-05
2025-12-05,3.39066666666667e-05,3.39066666666667e-05
2025-12-06,1.26333333333333e-05,2.478e-05
2025-12-07,3.69e-05,3.69e-05
2025-12-08,3.13366666666667e-05,3.493e-05
2025-12-09,4.22466666666667e-05,4.22466666666667e-05
2025-12-10,2.65933333333333e-05,2.65933333333333e-05
2025-12-11,2.371e-05,3.42233333333333e-05
2025-12-12,4.99833333333333e-05,4.99833333333333e-05
2025-12-13,4.06066666666667e-05,4.06066666666667e-05
2025-12-14,5.557e-05,5.557e-05
2025-12-15,7.92666666666667e-06,1.388e-05
2025-12-16,4.302e-05,4.302e-05
2025-12-17,7.04166666666667e-05,7.04166666666667e-05
2025-12-18,4.57266666666667e-05,5.15066666666667e-05
2025-12-19,8.497e-05,8.497e-05
2025-12-20,6.135e-05,6.135e-05
2025-12-21,7.51066666666667e-05,7.51066666666667e-05
2025-12-22,5.189e-05,5.189e-05
2025-12-23,3.21966666666667e-05,3.21966666666667e-05
2025-12-24,8.12733333333333e-05,8.12733333333333e-05
2025-12-25,7.40933333333333e-05,7.40933333333333e-05
2025-12-26,6.60166666666667e-05,6.60166666666667e-05
2025-12-27,3.48233333333333e-05,3.48233333333333e-05
2025-12-28,5.79433333333333e-05,5.81833333333333e-05
2025-12-29,8.27533333333333e-05,8.27533333333333e-05
2025-12-30,7.65266666666667e-05,7.65266666666667e-05
2025-12-31,2.70833333333333e-05,2.70833333333333e-05
2026-01-01,7.237e-05,7.237e-05
2026-01-02,4.88e-05,4.88e-05
2026-01-03,3.701e-05,3.701e-05
2026-01-04,6.579e-05,6.579e-05
2026-01-05,7.282e-05,7.282e-05
2026-01-06,1.377e-05,2.29433333333333e-05
2026-01-07,6.489e-05,6.489e-05
2026-01-08,8.37633333333333e-05,8.37633333333333e-05
2026-01-09,1.55433333333333e-05,3.42966666666667e-05
2026-01-10,6.51166666666667e-05,6.51166666666667e-05
2026-01-11,5.027e-05,5.027e-05
2026-01-12,3.12166666666667e-05,3.12166666666667e-05
2026-01-13,5.176e-05,5.176e-05
2026-01-14,2.234e-05,2.234e-05
2026-01-15,9.69333333333333e-06,1.214e-05
2026-01-16,5.724e-05,5.724e-05
2026-01-17,1.935e-05,2.05366666666667e-05
2026-01-18,6.56333333333333e-05,6.56333333333333e-05
2026-01-19,2.63666666666667e-05,2.63666666666667e-05
2026-01-20,7.36566666666667e-05,7.36566666666667e-05
2026-01-21,6.155e-05,6.155e-05
2026-01-22,6.96133333333333e-05,6.96133333333333e-05
2026-01-23,5.14933333333333e-05,5.14933333333333e-05
2026-01-24,4.78033333333333e-05,4.78033333333333e-05
2026-01-25,4.768e-05,4.768e-05
2026-01-26,4.17333333333333e-05,4.17333333333333e-05
2026-01-27,5.93266666666667e-05,5.93266666666667e-05
2026-01-28,5.41366666666667e-05,5.41366666666667e-05
2026-01-29,5.69633333333333e-05,5.69633333333333e-05
2026-01-30,2.16733333333333e-05,2.16733333333333e-05
2026-01-31,6.60866666666667e-05,6.60866666666667e-05
2026-02-01,6.25333333333333e-06,2.80333333333333e-05
2026-02-02,-2.896e-05,2.94133333333333e-05
2026-02-03,-1.41e-06,1.63766666666667e-05
2026-02-04,2.76266666666667e-05,2.76266666666667e-05
2026-02-05,1.50466666666667e-05,4.80933333333333e-05
2026-02-06,-9.58766666666667e-05,9.58766666666667e-05
2026-02-07,-8.80366666666667e-05,8.80366666666667e-05
2026-02-08,-3.93766666666667e-05,3.93766666666667e-05
2026-02-09,-1.83766666666667e-05,3.06833333333333e-05
2026-02-10,-7.481e-05,7.481e-05
2026-02-11,-2.72866666666667e-05,3.662e-05
2026-02-12,1.3e-06,2.20266666666667e-05
